thyroid_selective_rank,drug_name,canonical_drug_id,canonical_smiles,target_genes,PATHWAY_NAME_NORMALIZED,classification,ranking_layer,thyroid_selective_score,ensemble_score,mean_pred_ln_ic50,thyroid_mean_ln_ic50,pancancer_mean_ln_ic50,selectivity_delta_ln_ic50,thyroid_sensitive_rate,thyroid_context_score,broad_cytotoxic_flag,broad_cytotoxic_penalty,thyroid_observed_cell_lines,pancancer_cell_lines,pancancer_tcga_types
1,Trametinib,1372,CC(=O)Nc1cccc(-n2c(=O)n(C3CC3)c(=O)c3c(Nc4ccc(I)cc4F)n(C)c(=O)c(C)c32)c1,MAP2K1;MAP2K2,ERK MAPK signaling,approved,thyroid_context_supported,0.9602564102564102,0.4799599703401327,-0.4799599703401327,-0.7924453125,0.2334600494736842,1.0259053619736842,1.0,1.0,False,0.0,16,950,31
2,Staurosporine,1034,CN[C@@H]1C[C@H]2O[C@@](C)([C@@H]1OC)n1c3ccccc3c3c4c(c5c6ccccc6n2c5c31)C(=O)NC4,CDK2;CHRM1;CSK;GSK3B;IKBKB;ITK;LCK;MAPKAPK2;PDPK1;PIK3CG;PIM1;PRKCA;PRKCQ;SYK;ZAP70,RTK signaling,screened_candidate,thyroid_context_supported,0.955042735042735,2.739223465323448,-2.739223465323448,-3.242498125,-2.7855827142857144,0.45691541071428565,1.0,0.8500000000000001,False,0.0,16,952,31
3,PD0325901,1060,O=C(NOC[C@H](O)CO)c1ccc(F)c(F)c1Nc1ccc(I)cc1F,MAP2K1;MAP2K2,ERK MAPK signaling,screened_candidate,thyroid_context_supported,0.9050427350427351,-0.7096683268900961,0.7096683268900961,0.34648475,1.3589901554621848,1.0125054054621847,0.9375,0.8500000000000001,False,0.0,16,952,31
4,Refametinib,1014,COc1cc(F)c(F)c(Nc2ccc(I)cc2F)c1NS(=O)(=O)C1(C[C@H](O)CO)CC1,MAP2K1;MAP2K2,ERK MAPK signaling,screened_candidate,thyroid_context_supported,0.8695726495726496,-1.8724587997421622,1.8724587997421622,1.33403825,2.2902835435016113,0.9562452935016112,1.0,0.8500000000000001,False,0.0,16,931,31
5,Ulixertinib,1908,CC(C)Nc1cc(-c2c[nH]c(C(=O)N[C@H](CO)c3cccc(Cl)c3)c2)c(Cl)cn1,EPHB2;MAPK1;MAPK3,ERK MAPK signaling,indication_expansion,thyroid_context_supported,0.8408547008547009,-2.1544026024639606,2.1544026024639606,2.6245585,2.804281290870488,0.17972279087048815,0.75,0.9500000000000001,False,0.0,16,942,31
6,SCH772984,1564,O=C(Nc1ccc2[nH]nc(-c3ccncc3)c2c1)C1CCN(CC(=O)N2CCN(c3ccc(-c4ncccn4)cc3)CC2)C1,MAPK1;MAPK3,ERK MAPK signaling,screened_candidate,thyroid_context_supported,0.8298290598290599,-2.5917029306292534,2.5917029306292534,2.1447521875,2.45954982278481,0.3147976352848101,0.8125,0.8500000000000001,False,0.0,16,948,31
7,Selumetinib,1736,Cn1cnc2c(F)c(Nc3ccc(Br)cc3Cl)c(C(=O)NOCCO)cc21,MAP2K1;MAP2K2,ERK MAPK signaling,indication_expansion,thyroid_context_supported,0.8276068376068376,-2.717894231279691,2.717894231279691,2.9058154999999997,3.93216580141844,1.0263503014184403,0.75,0.9500000000000001,False,0.0,12,705,30
8,Dasatinib,1079,Cc1nc(Nc2ncc(C(=O)Nc3c(C)cccc3Cl)s2)cc(N2CCN(CCO)CC2)n1.O,ABL;ABL1;ABL2;BCR;BTK;CSK;EPHA2;EPHA5;EPHB4;EPHRINS;FGR;FRK;FYN;HSPA8;KIT;LCK;LYN;MAP3K20;MAPK14;NR4A3;PDGFR;PDGFRB;PPAT;SRC;STAT5B;YES1,Other kinases,indication_expansion,screened_selectivity_candidate,0.8052136752136752,-1.0116481366567314,1.0116481366567314,0.5223526875,1.2985312389006343,0.7761785514006343,0.875,0.4,False,0.0,16,946,31
9,Dabrafenib,1373,CC(C)(C)c1nc(-c2cccc(NS(=O)(=O)c3c(F)cccc3F)c2F)c(-c2ccnc(N)n2)s1,BRAF;LIMK1;NEK11;RAF1;SIK1,ERK MAPK signaling,approved,thyroid_context_supported,0.7987179487179488,-2.9742196947336197,2.9742196947336197,3.5182974375000002,4.265669489339019,0.7473720518390188,0.5625,1.0,False,0.0,16,938,31
10,BX795,1037,O=C(NCCCNc1nc(Nc2cccc(NC(=O)N3CCCC3)c2)ncc1I)c1cccs1,AURKB;AURKC;IKK;TBK1,Other kinases,screened_candidate,screened_selectivity_candidate,0.7501709401709402,-1.470781683921814,1.470781683921814,2.2385245,2.6916946995515696,0.45317019955156956,1.0,0.3,False,0.0,2,223,24
11,AZD2014,1441,CNC(=O)c1cccc(-c2ccc3c(N4CCOCC4C)nc(N4CCOCC4C)nc3n2)c1,MTOR,PI3K/MTOR signaling,screened_candidate,screened_selectivity_candidate,0.7375213675213675,-2.5965310434500375,2.5965310434500375,2.4239170833333334,2.1336270695035457,-0.2902900138297877,0.8333333333333334,0.8500000000000001,False,0.0,12,705,30
12,VX-11e,2096,Cc1cnc(Nc2ccc(F)cc2Cl)nc1-c1c[nH]c(C(=O)NC(CO)c2cccc(Cl)c2)c1,MAPK1,ERK MAPK signaling,screened_candidate,screened_selectivity_candidate,0.7221367521367521,-2.7656555573145547,2.7656555573145547,2.9458624,2.705976391906283,-0.23988600809371707,0.7333333333333333,0.8500000000000001,False,0.0,15,939,31
13,Cediranib,1922,COc1cc2c(Oc3ccc4[nH]c(C)cc4c3F)ncnc2cc1OCCCN1CCCC1,FLT1;FLT2;FLT3;FLT4;KDR;KIT;PDGFRB,RTK signaling,indication_expansion,screened_selectivity_candidate,0.7216239316239317,-2.609502963721752,2.609502963721752,2.64335825,2.265800651804671,-0.37755759819532875,0.8125,0.9500000000000001,False,0.0,16,942,31
14,Podophyllotoxin bromide,1825,COc1cc(C2c3cc4c(cc3C(Br)C3COC(=O)C23)OCO4)cc(OC)c1OC,,Unclassified,screened_candidate,screened_selectivity_candidate,0.7183760683760684,-0.40230650703112286,0.40230650703112286,-0.57506275,-0.4444528638297872,0.13060988617021274,1.0,0.0,False,0.0,12,705,30
15,OSI-027,1594,COc1cccc2cc(-c3nc([C@H]4CC[C@H](C(=O)O)CC4)n4ncnc(N)c34)[nH]c12,MTOR,PI3K/MTOR signaling,screened_candidate,screened_selectivity_candidate,0.6930769230769231,-2.5971290320158005,2.5971290320158005,2.9309724375,2.55830531779661,-0.3726671197033897,0.75,0.8500000000000001,False,0.0,16,944,31
16,PLX-4720,1036,CCCS(=O)(=O)Nc1ccc(F)c(C(=O)c2c[nH]c3ncc(Cl)cc23)c1F,BRAF;KDR,ERK MAPK signaling,screened_candidate,thyroid_context_supported,0.6866666666666666,-3.5410411059856415,3.5410411059856415,4.069937125,4.2121921619047615,0.1422550369047615,0.5,0.8500000000000001,False,0.0,16,945,31
17,Lestaurtinib,1024,C[C@]12O[C@H](C[C@]1(O)CO)n1c3ccccc3c3c4c(c5c6ccccc6n2c5c31)CNC4=O,FLT3;JAK2;NTRK1;NTRK2;NTRK3,Other kinases,screened_candidate,screened_selectivity_candidate,0.6631623931623931,-0.21199381141923368,0.21199381141923368,0.1172835,-0.015120164339419971,-0.13240366433941997,1.0,0.8500000000000001,False,0.2,16,931,31
18,AZD4547,1786,COc1cc(CCc2cc(NC(=O)c3ccc(N4CC(C)NC(C)C4)cc3)n[nH]2)cc(OC)c1,FGFR1;FGFR2;FGFR3,RTK signaling,indication_expansion,screened_selectivity_candidate,0.6472649572649573,-3.215532287955284,3.215532287955284,3.1525804375,2.7184456839872744,-0.4341347535127258,0.8125,0.9500000000000001,False,0.0,16,943,31
19,AZD8055,1059,COc1ccc(-c2ccc3c(N4CCOC[C@@H]4C)nc(N4CCOC[C@@H]4C)nc3n2)cc1CO,MTOR,PI3K/MTOR signaling,screened_candidate,screened_selectivity_candidate,0.6447863247863248,-0.26585495764655726,0.26585495764655726,0.1678127857142857,-0.03658903830369357,-0.20440182401797927,1.0,0.8500000000000001,False,0.2,14,731,30
20,BMS-536924,1091,Cc1cc(N2CCOCC2)cc2[nH]c(-c3c(NCC(O)c4cccc(Cl)c4)cc[nH]c3=O)nc12,IGF1R;IR,IGF1R signaling,screened_candidate,screened_selectivity_candidate,0.6397435897435897,-2.057505413889885,2.057505413889885,2.15503,2.1094579532908706,-0.0455720467091294,0.9375,0.0,False,0.0,16,942,31
21,Foretinib,2040,COc1cc2c(Oc3ccc(NC(=O)C4(C(=O)Nc5ccc(F)cc5)CC4)cc3F)ccnc2cc1OCCCN1CCOCC1,EGFR;FGFR1;FLT4;HGF;KDR;MET;PDGFR;RON;TIE2,RTK signaling,screened_candidate,screened_selectivity_candidate,0.6353846153846154,-1.427635671570897,1.427635671570897,1.0319998750000001,0.9096075901814301,-0.12239228481857001,1.0,0.8500000000000001,False,0.2,16,937,31
22,AZ960,1250,Cc1cc(Nc2nc(NC(C)c3ccc(F)cc3)c(C#N)cc2F)n[nH]1,JAK2;JAK3,Other kinases,screened_candidate,screened_selectivity_candidate,0.6262393162393163,-2.6414247155189514,2.6414247155189514,2.1866472142857143,1.8925642072892939,-0.2940830069964204,0.8571428571428571,0.3,False,0.0,14,878,31
23,Buparlisib,1873,Nc1cc(C(F)(F)F)c(-c2cc(N3CCOCC3)nc(N3CCOCC3)n2)cn1,PI3KALPHA;PI3KBETA;PI3KDELTA;PI3KGAMMA;PIK3CA;PIK3CB;PIK3CD;PIK3CG,PI3K/MTOR signaling,indication_expansion,screened_selectivity_candidate,0.6182051282051282,-1.447357926517725,1.447357926517725,1.3999575625,1.129653600849257,-0.270303961650743,0.9375,0.9500000000000001,False,0.2,16,942,31
24,SL0101,1039,CC(=O)OC1C(C)OC(Oc2c(-c3ccc(O)cc3)oc3cc(O)cc(O)c3c2=O)C(O)C1OC(C)=O,AURKB;PIM1;PIM3;RSK,Other kinases,screened_candidate,screened_selectivity_candidate,0.6044444444444443,-3.024647057056427,3.024647057056427,4.4289735,4.736093493273542,0.30711999327354267,0.0,0.3,False,0.0,2,223,24
25,Romidepsin,1817,C/C=C1\NC(=O)[C@H]2CSSCC/C=C/[C@H](CC(=O)N[C@H](C(C)C)C(=O)N2)OC(=O)[C@H](C(C)C)NC1=O,HDAC1;HDAC2;HDAC3;HDAC4;HDAC6;HDAC8,Chromatin histone acetylation,indication_expansion,broad_cytotoxic_downweighted,0.5982051282051282,2.5966000333428383,-2.5966000333428383,-5.493528833333333,-5.234780841134752,0.2587479921985816,1.0,0.1,True,0.2,12,705,30
26,Savolitinib,1936,C[C@@H](c1ccc2nccn2c1)n1nnc2ncc(-c3cnn(C)c3)nc21,MET,RTK signaling,screened_candidate,screened_selectivity_candidate,0.5952136752136753,-3.4229330271482468,3.4229330271482468,3.261660625,2.7248201838469712,-0.536840441153029,0.75,0.8500000000000001,False,0.0,16,941,31
27,Entospletinib,1630,c1cn2cc(-c3ccc4cn[nH]c4c3)nc(Nc3ccc(N4CCOCC4)cc3)c2n1,SYK,Other kinases,screened_candidate,screened_selectivity_candidate,0.5929059829059828,-3.5058701378958568,3.5058701378958568,3.545974642857143,3.6740900886363637,0.12811544577922085,0.6428571428571429,0.3,False,0.0,14,880,31
28,Crizotinib,1083,C[C@@H](Oc1cc(-c2cnn(C3CCNCC3)c2)cnc1N)c1c(Cl)ccc(F)c1Cl,ALK;MET;MST1R;ROS1,RTK signaling,indication_expansion,screened_selectivity_candidate,0.5912820512820514,-3.0008527263998985,3.0008527263998985,3.237987625,2.545347096842105,-0.6926405281578951,0.625,0.9500000000000001,False,0.0,16,950,31
29,Sorafenib,1085,CNC(=O)c1cc(Oc2ccc(NC(=O)Nc3ccc(Cl)c(C(F)(F)F)c3)cc2)ccn1,BRAF;EGFR;FGFR1;FLT1;FLT3;FLT4;KDR;KIT;PDGFR;PDGFRB;RAF;RAF1;RET,Other kinases,approved,screened_selectivity_candidate,0.5901709401709402,-3.219490110874176,3.219490110874176,3.2061374375,2.534038968152866,-0.6720984693471337,0.75,1.0,False,0.0,16,942,31
30,Camptothecin,1003,CC[C@@]1(O)C(=O)OCc2c1cc1n(c2=O)Cc2cc3ccccc3nc2-1,TOP1,DNA replication,indication_expansion,broad_cytotoxic_downweighted,0.5845299145299145,1.970869350247085,-1.970869350247085,-2.4837711875,-2.255613912815126,0.2281572746848739,1.0,0.1,True,0.2,16,952,31
31,Axitinib,1021,CNC(=O)c1ccccc1Sc1ccc2c(/C=C/c3ccccn3)n[nH]c2c1,ABL1;FLT1;FLT4;KDR;KIT;PDGFR,RTK signaling,indication_expansion,screened_selectivity_candidate,0.5801709401709402,-3.4408984780311584,3.4408984780311584,3.51946525,2.891868422222222,-0.6275968277777779,0.375,0.9500000000000001,False,0.0,16,945,31
32,Daporinad,1248,O=C(/C=C/c1cccnc1)NCCCCC1CCN(C(=O)c2ccccc2)CC1,NAMPT,Metabolism,screened_candidate,screened_selectivity_candidate,0.5775213675213675,1.5932222488853667,-1.5932222488853667,-3.2287134444444447,-3.38742916552901,-0.15871572108456533,1.0,0.3,False,0.2,9,586,31
33,Sepantronium bromide,1941,COCC[n+]1c2c(n(Cc3cnccn3)c1C)C(=O)c1ccccc1C2=O.[Br-],BIRC5,Apoptosis regulation,screened_candidate,broad_cytotoxic_downweighted,0.5739316239316239,2.5419272035360336,-2.5419272035360336,-4.3900571875,-4.154649011677282,0.23540817582271778,1.0,0.0,True,0.2,16,942,31
34,GW441756,1023,Cl.Cn1cc(C=C2C(=O)Nc3cccnc32)c2ccccc21,NTRK1,RTK signaling,screened_candidate,screened_selectivity_candidate,0.5738461538461539,-3.905768021941185,3.905768021941185,3.8340960625,3.4282371600853785,-0.4058589024146215,0.5,0.8500000000000001,False,0.0,16,937,31
35,Docetaxel,1819,CC(=O)O[C@@]12CO[C@@H]1C[C@H](O)[C@@]1(C)C(=O)[C@H](O)C3=C(C)[C@@H](OC(=O)[C@H](O)[C@@H](NC(=O)OC(C)(C)C)c4ccccc4)C[C@@](O)([C@@H](OC(=O)c4ccccc4)[C@H]21)C3(C)C.O.O.O,BCL2;NR1I2;TUBB1,Mitosis,indication_expansion,broad_cytotoxic_downweighted,0.564871794871795,3.5415841042995453,-3.5415841042995453,-2.0562728333333333,-2.05563038449848,0.0006424488348533153,1.0,0.1,True,0.2,12,658,29
36,IOX2,2174,O=C(O)CNC(=O)c1c(O)c2ccccc2n(Cc2ccccc2)c1=O,EGLN1,Other,screened_candidate,screened_selectivity_candidate,0.5576923076923077,-3.892639398574829,3.892639398574829,2.1894215,2.33798766367713,0.14856616367713027,1.0,0.0,False,0.0,2,223,24
37,5-azacytidine,2156,Nc1ncn([C@@H]2O[C@H](CO)[C@@H](O)[C@H]2O)c(=O)n1,,Other,screened_candidate,screened_selectivity_candidate,0.5474358974358975,-2.978768450873239,2.978768450873239,3.163607,2.9857943884297518,-0.17781261157024808,0.6428571428571429,0.0,False,0.0,14,726,30
38,PF-4708671,1129,CCc1cncnc1N1CCN(Cc2nc3ccc(C(F)(F)F)cc3[nH]2)CC1,S6K1,PI3K/MTOR signaling,screened_candidate,screened_selectivity_candidate,0.5467521367521367,-3.857424020767212,3.857424020767212,3.7233785,3.605199387218045,-0.11817911278195492,0.5,0.3,False,0.0,2,266,24
39,MG-132,1862,CC(C)C[C@@H](C=O)NC(=O)[C@H](CC(C)C)NC(=O)[C@H](CC(C)C)NC(=O)OCc1ccccc1,CAPN1;PROTEASOME,Protein stability and degradation,screened_candidate,broad_cytotoxic_downweighted,0.5444444444444445,1.378748913295567,-1.378748913295567,-1.438967875,-1.2807806421825814,0.15818723281741853,1.0,0.0,True,0.2,16,953,31
40,Afuresertib,1912,Cn1ncc(Cl)c1-c1cc(C(=O)N[C@H](CN)Cc2cccc(F)c2)sc1Cl,AKT1;AKT2;AKT3,PI3K/MTOR signaling,screened_candidate,screened_selectivity_candidate,0.54008547008547,-3.4996758103370667,3.4996758103370667,3.1197473125,2.3919501413390014,-0.7277971711609985,0.625,0.8500000000000001,False,0.0,16,941,31
41,Dactolisib,1057,Cn1c(=O)n(-c2ccc(C(C)(C)C#N)cc2)c2c3cc(-c4cnc5ccccc5c4)ccc3ncc21,MTOR;PIK3CG,PI3K/MTOR signaling,screened_candidate,screened_selectivity_candidate,0.5383760683760683,0.16984438244253397,-0.16984438244253397,-0.8648091875,-1.520644592356688,-0.655835404856688,1.0,0.8500000000000001,False,0.2,16,942,31
42,Elephantin,1835,C=C1C(=O)O[C@H]2[C@H]1[C@@H](OC(=O)C=C(C)C)CC1=C[C@@H](C[C@@]3(C)O[C@H]23)OC1=O,,Unclassified,screened_candidate,screened_selectivity_candidate,0.5371794871794872,-3.526730716228485,3.526730716228485,3.4617280833333335,3.5906893631205676,0.12896127978723415,0.75,0.0,False,0.0,12,705,30
43,PD173074,1049,CCN(CC)CCCCNc1ncc2cc(-c3cc(OC)cc(OC)c3)c(NC(=O)NC(C)(C)C)nc2n1,FGFR1;FGFR2;FGFR3,RTK signaling,screened_candidate,screened_selectivity_candidate,0.5323931623931625,-4.066374093294144,4.066374093294144,4.191754125,3.751599400630915,-0.4401547243690853,0.375,0.8500000000000001,False,0.0,16,951,31
44,Erlotinib,1168,C#Cc1cccc(Nc2ncnc3cc(OCCOC)c(OCCOC)cc23)c1,EGFR;NR1I2,EGFR signaling,indication_expansion,screened_selectivity_candidate,0.5323076923076924,-3.4269926100969315,3.4269926100969315,3.586739625,2.7842779957401493,-0.8024616292598505,0.5,0.9500000000000001,False,0.0,16,939,31
45,Dactinomycin,1811,Cc1c2oc3c(C)ccc(C(=O)N[C@@H]4C(=O)N[C@H](C(C)C)C(=O)N5CCC[C@H]5C(=O)N(C)CC(=O)N(C)[C@@H](C(C)C)C(=O)O[C@@H]4C)c3nc-2c(C(=O)N[C@@H]2C(=O)N[C@H](C(C)C)C(=O)N3CCC[C@H]3C(=O)N(C)CC(=O)N(C)[C@@H](C(C)C)C(=O)O[C@@H]2C)c(N)c1=O,TOP1;TOP2A,Other,screened_candidate,screened_selectivity_candidate,0.5316239316239315,3.825933240354061,-3.825933240354061,-2.296735583333333,-2.443400039716312,-0.14666445638297887,1.0,0.0,False,0.2,12,705,30
46,Bosutinib,1019,COc1cc(Nc2c(C#N)cnc3cc(OCCCN4CCN(C)CC4)c(OC)cc23)c(Cl)cc1Cl,ABL;ABL1;CAMK2G;FGR;HCK;LYN;MAP2K1;MAP2K2;MAP3K2;SLK;SRC;TEC,Other kinases,screened_candidate,screened_selectivity_candidate,0.5306837606837607,-2.9599402397871017,2.9599402397871017,3.4811950625000003,2.600377211146838,-0.8808178513531622,0.5625,0.8500000000000001,False,0.0,16,933,31
47,AZ6102,2109,Cc1cc(N2CC(C)NC(C)C2)ncc1-c1ccc(-c2nc3c(ccn3C)c(=O)[nH]2)cc1,TNKS1;TNKS2,WNT signaling,screened_candidate,screened_selectivity_candidate,0.5264957264957265,-3.1425651709238687,3.1425651709238687,2.909362866666667,2.6667495148936173,-0.24261335177304977,0.7333333333333333,0.0,False,0.0,15,940,31
48,Topotecan,1808,CC[C@@]1(O)C(=O)OCc2c1cc1n(c2=O)Cc2cc3c(CN(C)C)c(O)ccc3nc2-1,TOP1;TOP1MT,DNA replication,screened_candidate,broad_cytotoxic_downweighted,0.5209401709401711,0.566301537056764,-0.566301537056764,0.053481499999999994,0.12697382978723404,0.07349232978723405,1.0,0.0,True,0.2,12,705,30
49,Gallibiscoquinazole,1830,COC(=O)NC1(NC(=O)OC)NC(=O)c2cc(OC)c(OC)c(OC)c2N1,,Unclassified,screened_candidate,screened_selectivity_candidate,0.5175213675213675,-3.124251385529836,3.124251385529836,2.9767185833333336,2.696863609929078,-0.2798549734042557,0.75,0.0,False,0.0,12,705,30
50,LMP744,1843,COc1cc2c3c(n(CCCNCCO)c(=O)c2cc1OC)-c1cc2c(cc1C3=O)OCO2,TOP1,DNA replication,screened_candidate,broad_cytotoxic_downweighted,0.5162393162393162,-0.14457510908444723,0.14457510908444723,-0.3568354166666667,-0.3389786865248227,0.01785673014184397,0.9166666666666666,0.0,True,0.2,12,705,30
51,CHIR-99021,2175,Cc1cnc(-c2cnc(NCCNc3ccc(C#N)cn3)nc2-c2ccc(Cl)cc2Cl)[nH]1,GSK3A;GSK3B,WNT signaling,screened_candidate,screened_selectivity_candidate,0.5145299145299145,-3.67738139629364,3.67738139629364,4.3383735,4.632962493273543,0.2945889932735426,0.5,0.0,False,0.0,2,223,24
52,AZD3759,1915,COc1cc2ncnc(Nc3cccc(Cl)c3F)c2cc1OC(=O)N1CCN(C)C[C@H]1C,EGFR,EGFR signaling,screened_candidate,screened_selectivity_candidate,0.5123076923076924,-3.466950908303261,3.466950908303261,3.3085484375,2.4938028063157893,-0.8147456311842105,0.6875,0.8500000000000001,False,0.0,16,950,31
53,Bicalutamide,1502,CC(O)(CS(=O)(=O)c1ccc(F)cc1)C(=O)Nc1ccc(C#N)c(C(F)(F)F)c1,AR,Hormone-related,screened_candidate,screened_selectivity_candidate,0.5119658119658119,-3.4548522233963013,3.4548522233963013,4.465886,4.685017067264575,0.21913106726457432,0.5,0.0,False,0.0,2,223,24
54,Temsirolimus,1016,CO[C@H]1C[C@@H]2CC[C@@H](C)[C@@](O)(O2)C(=O)C(=O)N2CCCC[C@H]2C(=O)O[C@H]([C@H](C)C[C@@H]2CC[C@@H](OC(=O)C(C)(CO)CO)[C@H](OC)C2)CC(=O)[C@H](C)/C=C(\C)[C@@H](O)[C@@H](OC)C(=O)[C@H](C)C[C@H](C)/C=C/C=C/C=C/1C,MTOR,PI3K/MTOR signaling,indication_expansion,screened_selectivity_candidate,0.5088034188034187,-1.564362408593297,1.564362408593297,1.6751479375,1.0285865894039734,-0.6465613480960266,1.0,0.9500000000000001,False,0.2,16,906,31
55,AZD5363,1916,CCN(C(=O)Cc1ccc(S(C)(=O)=O)cc1)C1CCN(CC[C@@H](c2cc(F)cc(F)c2)C2CCC(S(C)(=O)=O)CC2)CC1,AKT1;AKT2;AKT3;ROCK2,Other kinases,indication_expansion,screened_selectivity_candidate,0.5028205128205129,-3.590063363313675,3.590063363313675,3.7066476875,2.8340161316348196,-0.8726315558651803,0.375,0.9500000000000001,False,0.0,16,942,31
56,Palbociclib,1054,CC(=O)c1c(C)c2cnc(Nc3ccc(N4CCNCC4)cn3)nc2n(C2CCCC2)c1=O,CDK4;CDK6,Cell cycle,indication_expansion,screened_selectivity_candidate,0.4945299145299145,-3.619999438524246,3.619999438524246,4.0280833125,3.4304375199579833,-0.5976457925420164,0.4375,0.65,False,0.0,16,952,31
57,Obatoclax Mesylate,1068,COC1=CC(c2cc3ccccc3[nH]2)=N/C1=C\c1[nH]c(C)cc1C.CS(=O)(=O)O,BCL-W;BCL-XL;BCL2;MCL1,Apoptosis regulation,screened_candidate,broad_cytotoxic_downweighted,0.4944444444444444,-1.1499491669237614,1.1499491669237614,0.4042764285714286,0.5183776134889754,0.11410118491754678,1.0,0.0,True,0.2,14,771,30
58,AZD6482,2169,Cc1cc([C@@H](C)Nc2ccccc2C(=O)O)c2nc(N3CCOCC3)cc(=O)n2c1,PI3KBETA;PIK3CB,PI3K/MTOR signaling,screened_candidate,screened_selectivity_candidate,0.4905128205128205,-2.014870047569275,2.014870047569275,4.5084845,3.3841922264150943,-1.1242922735849055,0.5,0.8500000000000001,False,0.0,2,265,24
59,Rapamycin,1084,CO[C@H]1C[C@@H]2CC[C@@H](C)[C@@](O)(O2)C(=O)C(=O)N2CCCC[C@H]2C(=O)O[C@H]([C@H](C)C[C@@H]2CC[C@@H](O)[C@H](OC)C2)CC(=O)[C@H](C)/C=C(\C)[C@@H](O)[C@@H](OC)C(=O)[C@H](C)C[C@H](C)/C=C/C=C/C=C/1C,MTOR,PI3K/MTOR signaling,indication_expansion,screened_selectivity_candidate,0.4874358974358975,0.5862151831388474,-0.5862151831388474,-1.0908067333333333,-2.1085320983957216,-1.0177253650623883,1.0,0.9500000000000001,False,0.2,15,935,31
60,AZD5153,1706,COc1nnc2ccc(N3CCC(c4ccc(OCCN5CCN(C)C(=O)[C@H]5C)cc4)CC3)nn12,BRD4,Chromatin other,screened_candidate,broad_cytotoxic_downweighted,0.48717948717948717,-1.8283246010541916,1.8283246010541916,1.2897755,1.5110175503546097,0.22124205035460975,0.9166666666666666,0.0,True,0.2,12,705,30
61,AZD8186,1918,C[C@@H](Nc1cc(F)cc(F)c1)c1cc(C(=O)N(C)C)cc2c(=O)cc(N3CCOCC3)oc12,PI3KALPHA;PI3KBETA;PIK3CB;PIK3CG,PI3K/MTOR signaling,screened_candidate,screened_selectivity_candidate,0.4866666666666667,-3.752249076962471,3.752249076962471,3.896784125,3.122260294055202,-0.7745238309447982,0.4375,0.8500000000000001,False,0.0,16,942,31
62,Piperlongumine,1243,COc1cc(C=CC(=O)N2CCC=CC2=O)cc(OC)c1OC,,Other,screened_candidate,screened_selectivity_candidate,0.48119658119658115,-0.1814042627811432,0.1814042627811432,2.9643819999999996,2.228097322869955,-0.7362846771300444,0.5,0.0,False,0.0,2,223,24
63,OTX015,1626,Cc1sc2c(c1C)C(c1ccc(Cl)cc1)=NC(CC(=O)Nc1ccc(O)cc1)c1nnc(C)n1-2,BRD2;BRD3;BRD4,Chromatin other,screened_candidate,broad_cytotoxic_downweighted,0.4777777777777777,-2.142146823661668,2.142146823661668,1.9324394999999999,2.307959536973834,0.3755200369738343,0.8571428571428571,0.0,True,0.2,14,879,31
64,SB590885,1061,CN(C)CCOc1ccc(-c2nc(-c3ccncc3)c(-c3ccc4c(c3)CC/C4=N\O)[nH]2)cc1,BRAF,ERK MAPK signaling,screened_candidate,screened_selectivity_candidate,0.4755555555555556,-4.376813277602196,4.376813277602196,4.761227625,4.327152162715517,-0.4340754622844827,0.1875,0.8500000000000001,False,0.0,16,928,31
65,MK-2206,1053,NC1(c2ccc(-c3nc4ccn5c(=O)[nH]nc5c4cc3-c3ccccc3)cc2)CCC1,AKT1;AKT2;AKT3;UBE2T,PI3K/MTOR signaling,screened_candidate,screened_selectivity_candidate,0.4678632478632479,-3.4973587691783905,3.4973587691783905,3.722781875,2.7073892174369747,-1.0153926575630252,0.5625,0.8500000000000001,False,0.0,16,952,31
66,Pictilisib,1058,CS(=O)(=O)N1CCN(Cc2cc3nc(-c4cccc5[nH]ncc45)nc(N4CCOCC4)c3s2)CC1,PIK3CG,PI3K/MTOR signaling,screened_candidate,screened_selectivity_candidate,0.4678632478632479,-1.740637831389904,1.740637831389904,1.8929744375,1.2005518233438486,-0.6924226141561514,0.875,0.8500000000000001,False,0.2,16,951,31
67,PRIMA-1MET,1131,COCC1(CO)C(=O)C2CCN1CC2,,P53 pathway,screened_candidate,screened_selectivity_candidate,0.46495726495726497,-4.183608480862209,4.183608480862209,4.226659785714285,4.420318390909091,0.1936586051948055,0.6428571428571429,0.0,False,0.0,14,880,31
68,WZ4003,1614,CCC(=O)Nc1cccc(Oc2nc(Nc3ccc(N4CCN(C)CC4)cc3OC)ncc2Cl)c1,NUAK1;NUAK2,Other kinases,screened_candidate,screened_selectivity_candidate,0.4625641025641026,-4.034194724900382,4.034194724900382,4.425108142857143,4.150261057954546,-0.27484708490259724,0.35714285714285715,0.3,False,0.0,14,880,31
69,WIKI4,1940,COc1ccc(-n2c(SCCCN3C(=O)c4cccc5cccc(c45)C3=O)nnc2-c2ccncc2)cc1,TNKS1;TNKS2,WNT signaling,screened_candidate,screened_selectivity_candidate,0.45598290598290603,-3.9446259140968323,3.9446259140968323,3.9148210625,3.731061482465462,-0.18375958003453796,0.4375,0.0,False,0.0,16,941,31
70,Telomerase Inhibitor IX,1930,O=C(Nc1cccc(NC(=O)c2cccc(O)c2O)c1)c1cccc(O)c1O,TELOMERASE,Genome integrity,screened_candidate,screened_selectivity_candidate,0.45598290598290586,-1.1304187243804336,1.1304187243804336,0.8486230625,0.6535267123142251,-0.19509635018577487,0.9375,0.0,False,0.2,16,942,31
71,GSK2606414,1618,Cn1cc(-c2ccc3c(c2)CCN3C(=O)Cc2cccc(C(F)(F)F)c2)c2c(N)ncnc21,PERK,Metabolism,screened_candidate,screened_selectivity_candidate,0.45017094017094017,-4.089060630117144,4.089060630117144,4.126699,3.7788217935779818,-0.3478772064220186,0.35714285714285715,0.3,False,0.0,14,872,31
72,Gefitinib,1010,COc1cc2ncnc(Nc3ccc(F)c(Cl)c3)c2cc1OCCCN1CCOCC1,EGFR,EGFR signaling,indication_expansion,screened_selectivity_candidate,0.4472649572649573,-3.9358813762664795,3.9358813762664795,4.1172165,3.125603856687898,-0.9916126433121017,0.25,0.9500000000000001,False,0.0,16,942,31
73,JQ1,2172,Cc1sc2c(c1C)C(c1ccc(Cl)cc1)=N[C@@H](CC(=O)OC(C)(C)C)c1nnc(C)n1-2,BRD2;BRD3;BRD4;BRDT,Chromatin other,screened_candidate,broad_cytotoxic_downweighted,0.4435897435897435,-2.1651582084596157,2.1651582084596157,2.01708675,2.0274875916398716,0.01040084163987176,0.6875,0.0,True,0.2,16,933,31
74,Mycophenolic acid,2055,COc1c(C)c2c(c(O)c1C/C=C(\C)CCC(=O)O)C(=O)OC2,IMPDH1;IMPDH2,Unclassified,screened_candidate,screened_selectivity_candidate,0.44102564102564096,-2.006036719450584,2.006036719450584,1.8805953076923076,1.7959055662983423,-0.08468974139396535,0.9230769230769231,0.0,False,0.2,13,724,30
75,IWP-2,1576,Cc1ccc2nc(NC(=O)CSc3nc4c(c(=O)n3-c3ccccc3)SCC4)sc2c1,PORCN,WNT signaling,screened_candidate,screened_selectivity_candidate,0.43888888888888883,-3.3509514842714583,3.3509514842714583,3.328201142857143,2.8561838577929466,-0.4720172850641964,0.6428571428571429,0.0,False,0.0,14,879,31
76,BMS-754807,2171,C[C@@]1(C(=O)Nc2ccc(F)nc2)CCCN1c1nc(Nc2cc(C3CC3)n[nH]2)c2cccn2n1,AKT1;IGF1R;INSR;IR,IGF1R signaling,screened_candidate,screened_selectivity_candidate,0.43649572649572654,-3.1166394278407097,3.1166394278407097,3.219734875,2.1457118092175778,-1.0740230657824221,0.625,0.55,False,0.0,16,933,31
77,AT13148,2170,NC[C@@](O)(c1ccc(Cl)cc1)c1ccc(-c2cn[nH]c2)cc1,AKT1,PI3K/MTOR signaling,screened_candidate,screened_selectivity_candidate,0.43196581196581196,-4.213348690668742,4.213348690668742,4.2592826,3.521884423855165,-0.7373981761448345,0.4666666666666667,0.8500000000000001,False,0.0,15,939,31
78,GSK269962A,1192,CCn1c(-c2nonc2N)nc2cnc(Oc3cccc(NC(=O)c4ccc(OCCN5CCOCC5)cc4)c3)cc21,ROCK1;ROCK2,Cytoskeleton,screened_candidate,broad_cytotoxic_downweighted,0.4303418803418803,-2.701662302017212,2.701662302017212,2.3143985,2.4882959924812034,0.17389749248120356,1.0,0.0,True,0.2,2,266,24
79,Dinaciclib,1180,CCc1cnn2c(NCc3ccc[n+]([O-])c3)cc(N3CCCC[C@H]3CCO)nc12,CDK1;CDK2;CDK5;CDK9,Cell cycle,screened_candidate,screened_selectivity_candidate,0.4230769230769231,1.261184197451387,-1.261184197451387,-2.144894642857143,-2.659428251995439,-0.5145336091382959,1.0,0.0,False,0.2,14,877,31
80,AZD6738,1917,CC1COCCN1c1cc(C2(S(C)(=N)=O)CC2)nc(-c2cncc3[nH]ccc23)n1,ATR,Genome integrity,screened_candidate,screened_selectivity_candidate,0.4200854700854701,-2.696195401251316,2.696195401251316,2.7988936875,2.045833593418259,-0.7530600940817411,0.75,0.0,False,0.0,16,942,31
81,Ipatasertib,1924,CC(C)NC[C@@H](C(=O)N1CCN(c2ncnc3c2[C@H](C)C[C@H]3O)CC1)c1ccc(Cl)cc1,AKT;AKT1;AKT3,PI3K/MTOR signaling,indication_expansion,screened_selectivity_candidate,0.41820512820512823,-4.0585708022117615,4.0585708022117615,4.3903024375,3.386760419320595,-1.003542018179405,0.375,0.9500000000000001,False,0.0,16,942,31
82,PRT062607,1631,NC(=O)c1cnc(NC2CCCCC2N)nc1Nc1cccc(-n2nccn2)c1,SYK,Other kinases,screened_candidate,screened_selectivity_candidate,0.41811965811965807,-3.8468113456453596,3.8468113456453596,3.7780437857142855,3.1621779375,-0.6158658482142854,0.5714285714285714,0.3,False,0.0,14,880,31
83,Sinularin,1838,C=C1C(=O)OC2CC1CCC1(C)OC1CCC(C)=CCCC2(C)O,,Unclassified,screened_candidate,screened_selectivity_candidate,0.4145299145299145,-4.083121279875438,4.083121279875438,3.9266721666666666,3.641192218439716,-0.2854799482269508,0.25,0.0,False,0.0,12,705,30
84,YK-4-279,1239,COc1ccc(C(=O)CC2(O)C(=O)Nc3c(Cl)ccc(Cl)c32)cc1,,Other,screened_candidate,screened_selectivity_candidate,0.40897435897435896,-2.978406362235546,2.978406362235546,2.9555436875,2.231485357749469,-0.7240583297505312,0.8125,0.0,False,0.0,16,942,31
85,Tretinoin,1009,CC1=C(/C=C/C(C)=C/C=C/C(C)=C/C(=O)O)C(C)(C)CCC1,ALDH1A1;ALDH1A2;CRABP1;GPRC5A;LCN1;OBP2A;PDK4;RARA;RARB;RARG;RARRES1;RBP4;RXRA;RXRB;RXRG,Other,indication_expansion,screened_selectivity_candidate,0.40803418803418806,-4.551401138305664,4.551401138305664,4.7917125,4.776368004484305,-0.015344495515694945,0.0,0.1,False,0.0,2,223,24
86,Ribociclib,1632,CN(C)C(=O)c1cc2cnc(Nc3ccc(N4CCNCC4)cn3)nc2n1C1CCCC1,CDK4;CDK6,Cell cycle,screened_candidate,screened_selectivity_candidate,0.4061538461538462,-4.029167681932449,4.029167681932449,4.20495675,3.5005559681866383,-0.7044007818133617,0.1875,0.55,False,0.0,16,943,31
87,SGC0946,2177,CC(C)N(CCCNC(=O)Nc1ccc(C(C)(C)C)cc1)CC1OC(n2cc(Br)c3c(N)ncnc32)C(O)C1O,DOT1L,Chromatin histone methylation,screened_candidate,broad_cytotoxic_downweighted,0.4052991452991452,-3.0208180844783783,3.0208180844783783,2.3765985625,2.093324158064516,-0.2832744044354838,0.9375,0.3,True,0.2,16,930,31
88,GSK-LSD1,1583,c1ccc(C2CC2NC2CCNCC2)cc1,KDM1,Chromatin histone methylation,screened_candidate,broad_cytotoxic_downweighted,0.404871794871795,-3.166697005430857,3.166697005430857,2.816284166666667,2.6376432911931817,-0.1786408754734854,0.8333333333333334,0.3,True,0.2,12,704,30
89,NU7441,1038,O=c1cc(N2CCOCC2)oc2c(-c3cccc4c3sc3ccccc34)cccc12,DNAPK,Genome integrity,screened_candidate,screened_selectivity_candidate,0.4042735042735043,-3.5657709389925003,3.5657709389925003,3.65936625,3.1230043132400427,-0.5363619367599575,0.625,0.0,False,0.0,16,929,31
90,AZD5438,1401,Cc1ncc(-c2ccnc(Nc3ccc(S(C)(=O)=O)cc3)n2)n1C(C)C,CDK2,Cell cycle,screened_candidate,screened_selectivity_candidate,0.4017094017094017,-2.6699094474315643,2.6699094474315643,3.1486218333333333,2.357354295035461,-0.7912675382978724,0.75,0.0,False,0.0,12,705,30
91,Afatinib,1032,CN(C)C/C=C/C(=O)Nc1cc2c(Nc3ccc(F)c(Cl)c3)ncnc2cc1O[C@H]1CCOC1,EGFR;ERBB2;ERBB4,EGFR signaling,indication_expansion,screened_selectivity_candidate,0.4002564102564103,-2.5021998807787895,2.5021998807787895,2.5323943125,1.5662894831578948,-0.9661048293421053,0.875,0.9500000000000001,False,0.2,16,950,31
92,Wee1 Inhibitor,1046,O=C1NC(=O)c2c1c(-c1ccccc1Cl)cc1[nH]c3ccc(O)cc3c21,CHEK1;WEE1,Cell cycle,screened_candidate,screened_selectivity_candidate,0.39871794871794874,-3.0911479517817497,3.0911479517817497,2.73279975,1.9837832019128585,-0.7490165480871414,0.6875,0.0,False,0.0,16,941,31
93,I-BET-762,1624,CCNC(=O)CC1N=C(c2ccc(Cl)cc2)c2cc(OC)ccc2-n2c(C)nnc21,BRD2;BRD3;BRD4,Chromatin other,screened_candidate,broad_cytotoxic_downweighted,0.3987179487179487,-2.9340364251817976,2.9340364251817976,3.0054121428571428,3.1807970864618884,0.17538494360474566,0.7142857142857143,0.0,True,0.2,14,879,31
94,GSK2110183B,1778,Cl.Cn1ncc(Cl)c1-c1cc(C(=O)NC(CN)Cc2cccc(F)c2)sc1Cl,AKT1;AKT2;AKT3,PI3K/MTOR signaling,screened_candidate,screened_selectivity_candidate,0.39521367521367523,-3.958293318748474,3.958293318748474,4.390289416666667,3.2763379574468083,-1.1139514592198583,0.25,0.8500000000000001,False,0.0,12,705,30
95,GSK-LSD1-2HCl,2154,Cl.Cl.c1ccc(C2CC2NC2CCNCC2)cc1,LSD1,Chromatin histone methylation,screened_candidate,broad_cytotoxic_downweighted,0.3950427350427352,-3.182072009359087,3.182072009359087,2.8408822857142857,2.622470966896552,-0.21841131881773368,0.8571428571428571,0.3,True,0.2,14,725,30
96,Pevonedistat,1529,NS(=O)(=O)OC[C@@H]1C[C@@H](n2ccc3c(N[C@H]4CCc5ccccc54)ncnc32)C[C@@H]1O,NAE;NAE1;NEDD8;UBA3,Other,screened_candidate,screened_selectivity_candidate,0.39444444444444454,-1.3653933643363416,1.3653933643363416,1.2590743125000001,0.8669680117021277,-0.39210630079787245,0.8125,0.0,False,0.2,16,940,31
97,BMS-345541,1249,Cc1ccc2nc(NCCN)c3ncc(C)n3c2c1,IKK-1;IKK-2,Other,screened_candidate,screened_selectivity_candidate,0.3944444444444444,-3.589874948774065,3.589874948774065,3.8079459285714283,3.26895926309795,-0.5389866654734785,0.5,0.0,False,0.0,14,878,31
98,Lapatinib,1558,CS(=O)(=O)CCNCc1ccc(-c2ccc3ncnc(Nc4ccc(OCc5cccc(F)c5)c(Cl)c4)c3c2)o1,EEF2K;EGFR;ERBB2,EGFR signaling,indication_expansion,screened_selectivity_candidate,0.38572649572649576,-4.1338231563568115,4.1338231563568115,4.416059875,3.197491643157895,-1.2185682318421054,0.375,0.9500000000000001,False,0.0,16,950,31
99,AZD1332,1463,CC(C)Oc1cc(Nc2nc(NC(C)c3ccc(F)cn3)ncc2Cl)[nH]n1,NTRK1;NTRK2;NTRK3,RTK signaling,screened_candidate,screened_selectivity_candidate,0.38410256410256416,-4.179331203301747,4.179331203301747,4.6415745,3.7447209205673757,-0.8968535794326242,0.3333333333333333,0.8500000000000001,False,0.0,12,705,30
100,Bleomycin,1812,Cc1c(N)nc([C@H](CC(N)=O)NC[C@H](N)C(N)=O)nc1C(=O)N[C@H](C(=O)N[C@H](C)[C@@H](O)[C@H](C)C(=O)N[C@H](C(=O)NCCc1nc(-c2nc(C(=O)NCCC[S+](C)C)cs2)cs1)[C@@H](C)O)[C@@H](OC1OC(CO)C(O)C(O)C1OC1OC(CO)C(O)C(OC(N)=O)C1O)c1c[nH]cn1,LIG1;LIG3,DNA replication,indication_expansion,broad_cytotoxic_downweighted,0.3811111111111111,-2.8109223941961923,2.8109223941961923,2.8562695833333334,2.6359934964539007,-0.22027608687943268,0.6666666666666666,0.1,True,0.2,12,705,30
101,Fulvestrant,1816,C[C@]12CC[C@@H]3c4ccc(O)cc4C[C@@H](CCCCCCCCC[S+]([O-])CCCC(F)(F)C(F)(F)F)[C@H]3[C@@H]1CC[C@@H]2O,ESR;ESR1,Hormone-related,screened_candidate,screened_selectivity_candidate,0.3782051282051282,-3.8299793004989624,3.8299793004989624,4.9634125,4.607274364539007,-0.35613813546099227,0.08333333333333333,0.0,False,0.0,12,705,30
102,Olaparib,1017,O=C(c1cc(Cc2n[nH]c(=O)c3ccccc23)ccc1F)N1CCN(C(=O)C2CC2)CC1,AKR1C3;PARP1;PARP2;PARP3,Genome integrity,indication_expansion,screened_selectivity_candidate,0.37811965811965814,-4.117983743548393,4.117983743548393,4.582474125,4.220581024185068,-0.36189310081493176,0.125,0.1,False,0.0,16,951,31
103,GNE-317,1926,COC1(c2sc3c(N4CCOCC4)nc(-c4cnc(N)nc4)nc3c2C)COC1,PI3KALPHA,PI3K/MTOR signaling,screened_candidate,screened_selectivity_candidate,0.3745299145299145,-1.8160867877304554,1.8160867877304554,1.322083625,0.6738353771551724,-0.6482482478448277,0.875,0.3,False,0.2,16,928,31
104,L-Oxonoreleagnine,1831,O=C1NCCc2c1[nH]c1ccccc21,,Unclassified,screened_candidate,screened_selectivity_candidate,0.37435897435897436,-4.275514165560405,4.275514165560405,4.121672083333333,3.77892834751773,-0.34274373581560313,0.08333333333333333,0.0,False,0.0,12,705,30
105,Bortezomib,1191,CC(C)C[C@H](NC(=O)[C@H](Cc1ccccc1)NC(=O)c1cnccn1)B(O)O,PROTEASOME;PRSS1;PSMB1;PSMB5,Protein stability and degradation,indication_expansion,broad_cytotoxic_downweighted,0.3717094017094017,3.8779565542936325,-3.8779565542936325,-4.68736975,-4.738767956429331,-0.05139820642933035,1.0,0.1,True,0.4,16,941,31
106,Uprosertib,1553,Cn1ncc(Cl)c1-c1cc(C(=O)N[C@H](CN)Cc2ccc(F)c(F)c2)oc1Cl,AKT1;AKT2;AKT3,PI3K/MTOR signaling,screened_candidate,screened_selectivity_candidate,0.36572649572649574,-4.126665455954416,4.126665455954416,4.370495928571429,2.8772945735294115,-1.4932013550420171,0.2857142857142857,0.8500000000000001,False,0.0,14,884,31
107,AGI-6780,1634,O=C(Nc1cccc(C(F)(F)F)c1)Nc1cc(S(=O)(=O)NC2CC2)ccc1-c1ccsc1,,Metabolism,screened_candidate,screened_selectivity_candidate,0.36512820512820515,-4.2555186067308695,4.2555186067308695,4.797208928571428,4.334944,-0.462264928571428,0.14285714285714285,0.3,False,0.0,14,879,31
108,AZD7762,1022,NC(=O)Nc1cc(-c2cccc(F)c2)sc1C(=O)N[C@H]1CCCNC1,CHEK1;CHEK2,Cell cycle,screened_candidate,screened_selectivity_candidate,0.3645299145299145,-0.7583702194970101,0.7583702194970101,0.7021195625,0.14558806984126985,-0.5565314926587301,0.9375,0.0,False,0.2,16,945,31
109,BIBR-1532,2043,CC(=CC(=O)Nc1ccccc1C(=O)O)c1ccc2ccccc2c1,TERT,Genome integrity,screened_candidate,screened_selectivity_candidate,0.3638461538461538,-5.04440900683403,5.04440900683403,5.3198689375,4.956966403846154,-0.3629025336538456,0.0,0.55,False,0.0,16,936,31
110,Talazoparib,1259,Cn1ncnc1[C@H]1c2n[nH]c(=O)c3cc(F)cc(c23)N[C@@H]1c1ccc(F)cc1,PARP1;PARP2,Genome integrity,screened_candidate,screened_selectivity_candidate,0.35598290598290594,-3.7779927253723145,3.7779927253723145,3.428748875,2.75627780106383,-0.6724710739361703,0.625,0.0,False,0.0,16,940,31
111,AMG-319,2045,C[C@H](Nc1ncnc2[nH]cnc12)c1cc2ccc(F)cc2nc1-c1ccccn1,PIK3CD,PI3K/MTOR signaling,screened_candidate,screened_selectivity_candidate,0.3537606837606838,-5.000179797410965,5.000179797410965,5.426405625,4.782906301927195,-0.6434993230728052,0.0,0.8500000000000001,False,0.0,16,934,31
112,GSK2578215A,1927,O=C(Nc1cccnc1)c1cc(-c2ccnc(F)c2)ccc1OCc1ccccc1,LRRK2,Other kinases,screened_candidate,screened_selectivity_candidate,0.35188034188034184,-4.865083932876587,4.865083932876587,5.2364349375,4.9229126974522295,-0.31352224004777085,0.0,0.3,False,0.0,16,942,31
113,Osimertinib,1919,C=CC(=O)Nc1cc(Nc2nccc(-c3cn(C)c4ccccc34)n2)c(OC)cc1N(C)CCN(C)C,EGFR,EGFR signaling,indication_expansion,screened_selectivity_candidate,0.35153846153846163,-2.982657127082348,2.982657127082348,2.6573923125,1.6341975164718385,-1.0231947960281613,0.875,0.9500000000000001,False,0.2,16,941,31
114,AGI-5198,1913,Cc1ccccc1C(C(=O)NC1CCCCC1)N(C(=O)Cn1ccnc1C)c1cccc(F)c1,,Metabolism,screened_candidate,screened_selectivity_candidate,0.3463247863247863,-4.700349882245064,4.700349882245064,5.062023375,4.694160040339703,-0.36786333466029664,0.0,0.3,False,0.0,16,942,31
115,Tamoxifen,1199,CC/C(=C(\c1ccccc1)c1ccc(OCCN(C)C)cc1)c1ccccc1,AR;EBP;ESR1;ESR2;ESRRG;KCNH2;MAPK8;NR1I2;PRKCA;SHBG,Hormone-related,indication_expansion,screened_selectivity_candidate,0.3460683760683761,-4.229803904891014,4.229803904891014,4.425746125,3.96684177151966,-0.45890435348033964,0.375,0.1,False,0.0,16,941,31
116,Bromosporine,1581,CCOC(=O)Nc1cc(-c2ccc(C)c(NS(C)(=O)=O)c2)nn2c(C)nnc12,BRD2;BRD4;BRD9;CECR2,Chromatin other,screened_candidate,broad_cytotoxic_downweighted,0.3444444444444445,-2.881356418132782,2.881356418132782,2.691019333333333,2.399611953125,-0.29140738020833323,0.75,0.0,True,0.2,12,704,30
117,Bleomycin (50 uM),1378,Cc1c(N)nc([C@H](CC(N)=O)NC[C@H](N)C(N)=O)nc1C(=O)N[C@H](C(=O)N[C@H](C)[C@@H](O)[C@H](C)C(=O)N[C@H](C(=O)NCCc1nc(-c2nc(C(=O)NCCC[S+](C)C)cs2)cs1)[C@@H](C)O)[C@@H](OC1OC(CO)C(O)C(O)C1OC1OC(CO)C(O)C(OC(N)=O)C1O)c1c[nH]cn1,,DNA replication,screened_candidate,broad_cytotoxic_downweighted,0.34188034188034194,-3.1276761208261763,3.1276761208261763,3.483908142857143,3.4199742036262206,-0.06393393923092239,0.6428571428571429,0.0,True,0.2,14,717,30
118,Wnt-C59,1622,Cc1cc(-c2ccc(CC(=O)Nc3ccc(-c4cccnc4)cc3)cc2)ccn1,PORCN,WNT signaling,screened_candidate,screened_selectivity_candidate,0.3418803418803419,-4.598829882485526,4.598829882485526,4.615762214285715,4.3307216284090915,-0.2850405858766232,0.14285714285714285,0.0,False,0.0,14,880,31
119,GSK1904529A,1093,CCc1cc(Nc2nccc(-c3c(-c4ccc(OC)c(C(=O)Nc5c(F)cccc5F)c4)nc4ccccn34)n2)c(OC)cc1N1CCC(N2CCN(S(C)(=O)=O)CC2)CC1,IGF1R;IR,IGF1R signaling,screened_candidate,screened_selectivity_candidate,0.3405982905982906,-4.359610870480537,4.359610870480537,4.6649150624999995,4.3188765943098,-0.34603846819019957,0.0,0.0,False,0.0,16,949,31
120,Epirubicin,1511,COc1cccc2c1C(=O)c1c(O)c3c(c(O)c1C2=O)C[C@@](O)(C(=O)CO)C[C@@H]3O[C@H]1C[C@H](N)[C@@H](O)[C@H](C)O1,ANTHRACYCLINE;TOP2A;TOP2B,DNA replication,indication_expansion,broad_cytotoxic_downweighted,0.33495726495726497,0.6964351329952478,-0.6964351329952478,-0.8355786875000001,-0.9183613598726115,-0.08278267237261139,1.0,0.1,True,0.4,16,942,31
121,Alpelisib,1560,Cc1nc(NC(=O)N2CCC[C@H]2C(N)=O)sc1-c1ccnc(C(C)(C)C(F)(F)F)c1,ESR1;PI3KALPHA;PIK3CA;PIK3R1,PI3K/MTOR signaling,screened_candidate,screened_selectivity_candidate,0.33452991452991454,-4.3547539710998535,4.3547539710998535,4.6462546875,3.3798720326659644,-1.2663826548340356,0.1875,0.8500000000000001,False,0.0,16,949,31
122,SN-38,1494,CCc1c2c(nc3ccc(O)cc13)-c1cc3c(c(=O)n1C2)COC(=O)[C@]3(O)CC,TOP1,DNA replication,screened_candidate,broad_cytotoxic_downweighted,0.3320512820512821,2.396723847836256,-2.396723847836256,-3.3022083125,-3.428733466029724,-0.12652515352972404,1.0,0.0,True,0.4,16,942,31
123,Zoledronate,1802,O=P(O)(O)C(O)(Cn1ccnc1)P(=O)(O)O,,Other,screened_candidate,screened_selectivity_candidate,0.3264957264957265,-4.368857781092326,4.368857781092326,4.299105166666666,3.855346815602837,-0.443758351063829,0.08333333333333333,0.0,False,0.0,12,705,30
124,UMI-77,1939,O=C(O)CSc1cc(NS(=O)(=O)c2ccc(Br)cc2)c2ccccc2c1O,MCL1,Apoptosis regulation,screened_candidate,broad_cytotoxic_downweighted,0.32051282051282043,-3.4041533129555837,3.4041533129555837,3.1450312857142855,2.945346465020576,-0.1996848206937094,0.7857142857142857,0.0,True,0.2,14,729,30
125,Nilotinib,1013,Cc1cn(-c2cc(NC(=O)c3ccc(C)c(Nc4nccc(-c5cccnc5)n4)c3)cc(C(F)(F)F)c2)cn1,ABL;ABL1;CSF3R;DDR2;KIT;PDGFRA,ABL signaling,screened_candidate,screened_selectivity_candidate,0.3188034188034188,-3.7345151007175446,3.7345151007175446,3.8702139375,3.0938727880724177,-0.7763411494275823,0.375,0.0,False,0.0,16,939,31
126,Taselisib,1561,Cc1nc(-c2cn3c(n2)-c2ccc(-c4cnn(C(C)(C)C(N)=O)c4)cc2OCC3)n(C(C)C)n1,PIK3CA;PIK3CG,PI3K/MTOR signaling,indication_expansion,screened_selectivity_candidate,0.3147863247863248,-3.138893723487854,3.138893723487854,2.9355219375,1.747013394736842,-1.1885085427631579,0.6875,0.9500000000000001,False,0.2,16,950,31
127,Luminespib,1559,CCNC(=O)c1noc(-c2cc(C(C)C)c(O)cc2O)c1-c1ccc(CN2CCOCC2)cc1,HSP90,Protein stability and degradation,screened_candidate,broad_cytotoxic_downweighted,0.31324786324786313,1.6311531066894531,-1.6311531066894531,-1.980973125,-2.1354014746835444,-0.15442834968354435,1.0,0.0,True,0.4,16,948,31
128,Mirin,1048,N=C1NC(=O)/C(=C/c2ccc(O)cc2)S1,MRE11,Genome integrity,screened_candidate,screened_selectivity_candidate,0.3128205128205128,-4.507096018110003,4.507096018110003,5.132981928571428,4.777505936363637,-0.3554759922077908,0.0,0.0,False,0.0,14,880,31
129,Vismodegib,1033,CS(=O)(=O)c1ccc(C(=O)Nc2ccc(Cl)c(-c3ccccn3)c2)c(Cl)c1,SMO,Other,indication_expansion,screened_selectivity_candidate,0.31188034188034186,-4.607464551925659,4.607464551925659,5.2979161875,4.938070554126473,-0.35984563337352693,0.0625,0.1,False,0.0,16,933,31
130,Motesanib,1029,CC1(C)CNc2cc(NC(=O)c3cccnc3NCc3ccncc3)ccc21,FLT1;FLT4;KDR;KIT;PDGFR;RET,RTK signaling,indication_expansion,screened_selectivity_candidate,0.3083760683760684,-5.542142778635025,5.542142778635025,6.11823075,5.459560687031082,-0.658670062968918,0.0,0.9500000000000001,False,0.0,16,933,31
131,PFI-1,2173,COc1ccccc1S(=O)(=O)Nc1ccc2c(c1)CN(C)C(=O)N2,BRD4,Chromatin other,screened_candidate,broad_cytotoxic_downweighted,0.30769230769230765,-3.813269779086113,3.813269779086113,3.9164146875,4.055185905376344,0.13877121787634428,0.375,0.0,True,0.2,16,930,31
132,Methotrexate,1008,CN(Cc1cnc2nc(N)nc(N)c2n1)c1ccc(C(=O)N[C@@H](CCC(=O)O)C(=O)O)cc1,ANTIMETABOLITE;ATIC;DHFR;SLC19A1;SLC46A1;TYMS,DNA replication,indication_expansion,broad_cytotoxic_downweighted,0.3076068376068376,-0.4329847227782011,0.4329847227782011,0.419389,0.35075573294797685,-0.06863326705202316,0.875,0.1,True,0.4,16,865,31
133,SB216763,1025,Cn1cc(C2=C(c3ccc(Cl)cc3Cl)C(=O)NC2=O)c2ccccc21,GSK3A;GSK3B,WNT signaling,screened_candidate,screened_selectivity_candidate,0.3034188034188034,-4.828492641448975,4.828492641448975,5.4153991875,5.1691878755319145,-0.24621131196808577,0.0625,0.0,False,0.0,16,940,31
134,XAV939,1268,O=c1[nH]c(-c2ccc(C(F)(F)F)cc2)nc2c1CSCC2,TNKS1;TNKS2,WNT signaling,screened_candidate,screened_selectivity_candidate,0.30128205128205127,-4.563137429101126,4.563137429101126,4.674616357142858,4.263484949943117,-0.41113140719974073,0.14285714285714285,0.0,False,0.0,14,879,31
135,CCT-018159,1170,CCc1cc(-c2[nH]nc(C)c2-c2ccc3c(c2)OCCO3)c(O)cc1O,HSP90;HSP90AA1;HSP90AB1,Protein stability and degradation,screened_candidate,broad_cytotoxic_downweighted,0.29957264957264956,-1.767006516456604,1.767006516456604,4.0369965,3.6061267847533633,-0.43086971524663653,0.5,0.0,True,0.2,2,223,24
136,MIM1,1996,Cc1csc(=NC2CCCCC2)n1N=Cc1ccc(O)c(O)c1O,MCL1,Apoptosis regulation,screened_candidate,broad_cytotoxic_downweighted,0.29786324786324786,-3.8881977115358626,3.8881977115358626,3.8537772857142856,3.9506678792866943,0.0968905935724087,0.42857142857142855,0.0,True,0.2,14,729,30
137,Tanespimycin,1026,C=CCNC1=C2C[C@@H](C)C[C@H](OC)[C@H](O)[C@@H](C)/C=C(\C)[C@H](OC(N)=O)[C@@H](OC)/C=C\C=C(/C)C(=O)NC(=CC1=O)C2=O,HSP90;HSP90AA1;HSP90AB1,Protein stability and degradation,indication_expansion,broad_cytotoxic_downweighted,0.29692307692307696,-0.05598738882690668,0.05598738882690668,0.1424551875,-0.08517369989281887,-0.22762888739281886,1.0,0.1,True,0.4,16,933,31
138,GDC0810,1925,CCC(=C(c1ccc(C=CC(=O)O)cc1)c1ccc2[nH]ncc2c1)c1ccc(F)cc1Cl,ESR1;ESR2,Hormone-related,screened_candidate,screened_selectivity_candidate,0.2923076923076923,-4.666187733411789,4.666187733411789,5.4179055,5.075169654989383,-0.3427358450106164,0.0,0.0,False,0.0,16,942,31
139,MK-1775,1179,C=CCn1c(=O)c2cnc(Nc3ccc(N4CCN(C)CC4)cc3)nc2n1-c1cccc(C(C)(C)O)n1,PLK1;WEE1,Cell cycle,indication_expansion,screened_selectivity_candidate,0.2922222222222222,-1.7883269637823105,1.7883269637823105,1.4299555,0.6232355804416404,-0.8067199195583595,0.875,0.1,False,0.2,16,951,31
140,Dacarbazine,1815,CN(C)/N=N/c1[nH]cnc1C(N)=O,CP11A;PGD;POLA2,Other,indication_expansion,screened_selectivity_candidate,0.2888034188034188,-5.336875398953755,5.336875398953755,5.7546575833333335,5.591555767375887,-0.16310181595744666,0.0,0.1,False,0.0,12,705,30
141,THR-101,2360,Cc1ccccc1-n1sc2cc(F)ccc2c1=O,,PI3K/MTOR signaling,screened_candidate,screened_selectivity_candidate,0.2877777777777778,-5.348385197775705,5.348385197775705,5.471106928571428,5.114290854951186,-0.3568160736202426,0.07142857142857142,0.3,False,0.0,14,717,30
142,Linsitinib,1510,C[C@]1(O)C[C@@H](c2nc(-c3ccc4ccc(-c5ccccc5)nc4c3)c3c(N)nccn32)C1,IGF1R;INSR,IGF1R signaling,screened_candidate,screened_selectivity_candidate,0.28760683760683764,-4.303608804941177,4.303608804941177,4.5363475,3.952391992631579,-0.5839555073684206,0.3125,0.0,False,0.0,16,950,31
143,N-acetyl cysteine,2499,CC(=O)N[C@@H](CS)C(=O)O,,Metabolism,screened_candidate,screened_selectivity_candidate,0.2860683760683761,-9.255399772099086,9.255399772099086,10.218580428571428,9.98628627184466,-0.232294156726768,0.0,0.3,False,0.0,14,721,30
144,Venetoclax,1909,CC1(C)CCC(CN2CCN(c3ccc(C(=O)NS(=O)(=O)c4ccc(NCC5CCOCC5)c([N+](=O)[O-])c4)c(Oc4cnc5[nH]ccc5c4)c3)CC2)=C(c2ccc(Cl)cc2)C1,BCL2,Apoptosis regulation,screened_candidate,broad_cytotoxic_downweighted,0.28247863247863253,-2.5194634795188904,2.5194634795188904,2.5894725000000003,1.970373195329087,-0.6190993046709132,0.875,0.0,True,0.2,16,942,31
145,Sapitinib,1549,CNC(=O)CN1CCC(Oc2cc3c(Nc4cccc(Cl)c4F)ncnc3cc2OC)CC1,EGFR;ERBB2;ERBB3,EGFR signaling,screened_candidate,screened_selectivity_candidate,0.281965811965812,-4.692241340875626,4.692241340875626,5.2321559375,3.686997696842105,-1.5451582406578948,0.0,0.8500000000000001,False,0.0,16,950,31
146,MK-8776,2046,Cn1cc(-c2cnn3c(N)c(Br)c([C@@H]4CCCNC4)nc23)cn1,CDK2;CHEK1;CHEK2,Cell cycle,screened_candidate,screened_selectivity_candidate,0.2799145299145299,-3.961159408092499,3.961159408092499,3.8981931875,3.029329192307692,-0.8688639951923078,0.375,0.0,False,0.0,16,936,31
147,MIRA-1,1931,CCC(=O)OCN1C(=O)C=CC1=O,TP53,P53 pathway,screened_candidate,screened_selectivity_candidate,0.277948717948718,-5.392694026231766,5.392694026231766,5.761296,5.220930394736842,-0.5403656052631574,0.0,0.55,False,0.0,16,950,31
148,Teniposide,1809,COc1cc([C@@H]2c3cc4c(cc3[C@@H](O[C@@H]3O[C@@H]5CO[C@@H](c6cccs6)O[C@H]5[C@H](O)[C@H]3O)[C@H]3COC(=O)[C@H]23)OCO4)cc(OC)c1O,TOP2A;TOP2B,DNA replication,screened_candidate,broad_cytotoxic_downweighted,0.27179487179487183,-0.3736666503051917,0.3736666503051917,0.6535259166666667,0.46987662127659574,-0.18364929539007097,0.9166666666666666,0.0,True,0.4,12,705,30
149,Rucaparib,1175,CNCc1ccc(-c2[nH]c3cc(F)cc4c3c2CCNC4=O)cc1,PARP1;PARP2;PARP3,Genome integrity,screened_candidate,screened_selectivity_candidate,0.2623931623931624,-4.615108072757721,4.615108072757721,4.558628625,3.9731302575107295,-0.5854983674892704,0.25,0.0,False,0.0,16,932,31
150,ZM447439,1050,COc1cc2c(Nc3ccc(NC(=O)c4ccccc4)cc3)ncnc2cc1OCCCN1CCOCC1,AURKA;AURKB,Mitosis,screened_candidate,broad_cytotoxic_downweighted,0.261965811965812,-3.039199858903885,3.039199858903885,3.0619728125,2.568132895474138,-0.4938399170258623,0.6875,0.0,True,0.2,16,928,31
151,LJI308,2107,Oc1c(F)cc(-c2cnccc2-c2ccc(N3CCOCC3)cc2)cc1F,RSK1;RSK2;RSK3,PI3K/MTOR signaling,screened_candidate,screened_selectivity_candidate,0.26,-5.168995730082194,5.168995730082194,5.475030333333334,4.963584925452609,-0.5114454078807249,0.0,0.3,False,0.0,15,939,31
152,CPI-637,2158,CC1CC(=O)Nc2cccc(-c3ccc4c(c3)c(-c3cnn(C)c3)nn4C)c2N1,EP300,Chromatin histone methylation,screened_candidate,broad_cytotoxic_downweighted,0.25914529914529916,-4.187892096383231,4.187892096383231,4.384301214285714,4.144811643741403,-0.2394895705443112,0.21428571428571427,0.3,True,0.2,14,727,30
153,Vinorelbine,2048,CCC1=C[C@@H]2CN(C1)Cc1c([nH]c3ccccc13)[C@@](C(=O)OC)(c1cc3c(cc1OC)N(C)[C@H]1[C@@](O)(C(=O)OC)[C@H](OC(C)=O)[C@]4(CC)C=CCN5CC[C@]31[C@@H]54)C2,BCL2;MAP4;MAPK1;TUBB,Mitosis,indication_expansion,broad_cytotoxic_downweighted,0.25735042735042735,2.2981163382530214,-2.2981163382530214,-2.1110966,-3.01405294261424,-0.9029563426142397,1.0,0.65,True,0.4,15,941,31
154,HKMTI-1-005,2010,COc1cc2nc(N3CCN(C)CC3)nc(NC3CCN(Cc4ccccc4)CC3)c2cc1OC,,Unclassified,screened_candidate,screened_selectivity_candidate,0.2564102564102564,-4.273188097136361,4.273188097136361,4.4600365,3.757439954607978,-0.702596545392022,0.42857142857142855,0.0,False,0.0,14,727,30
155,RO-3306,1052,O=C1NC(=NCc2cccs2)SC1=Cc1ccc2ncccc2c1,CDK1,Cell cycle,screened_candidate,screened_selectivity_candidate,0.2551282051282051,-4.121966406702995,4.121966406702995,4.3044021875,3.4921556400425984,-0.8122465474574017,0.4375,0.0,False,0.0,16,939,31
156,BI-2536,1086,CC[C@@H]1C(=O)N(C)c2cnc(Nc3ccc(C(=O)NC4CCN(C)CC4)cc3OC)nc2N1C1CCCC1,PLK1;PLK2;PLK3,Cell cycle,screened_candidate,screened_selectivity_candidate,0.25470085470085474,-0.40331645542755723,0.40331645542755723,0.19912331249999998,-1.1785464983461962,-1.3776698108461962,0.8125,0.0,False,0.2,16,907,31
157,CZC24832,1615,CC(C)(C)NS(=O)(=O)c1cncc(-c2cc(F)c3nc(N)nn3c2)c1,PI3KGAMMA,PI3K/MTOR signaling,screened_candidate,screened_selectivity_candidate,0.2523076923076923,-5.098524877003261,5.098524877003261,5.646360571428572,5.122372445454546,-0.523988125974026,0.0,0.3,False,0.0,14,880,31
158,NVP-ADW742,1932,Nc1ncnc2c1c(-c1cccc(OCc3ccccc3)c1)cn2C1CC(CN2CCCC2)C1,IGF1R,IGF1R signaling,screened_candidate,screened_selectivity_candidate,0.25213675213675213,-3.839896872639656,3.839896872639656,4.0007605,2.8631290615711253,-1.1376314384288748,0.5,0.0,False,0.0,16,942,31
159,Doramapimod,1042,Cc1ccc(-n2nc(C(C)(C)C)cc2NC(=O)Nc2ccc(OCCN3CCOCC3)c3ccccc23)cc1,HCK;JNK2;MAPK14;P38,JNK and p38 signaling,screened_candidate,screened_selectivity_candidate,0.2504273504273504,-4.95188781619072,4.95188781619072,5.3505178125,4.9249847593184235,-0.4255330531815762,0.0625,0.0,False,0.0,16,939,31
160,Ruxolitinib,1507,N#CC[C@H](C1CCCC1)n1cc(-c2ncnc3[nH]ccc23)cn1,JAK1;JAK2;JAK3;PLAUR;TYK2,Other kinases,screened_candidate,screened_selectivity_candidate,0.2493162393162393,-5.097331251416888,5.097331251416888,5.376157999999999,4.783670312217195,-0.5924876877828043,0.0,0.3,False,0.0,14,884,31
161,VE-822,1613,CNCc1ccc(-c2cc(-c3nc(-c4ccc(S(=O)(=O)C(C)C)cc4)cnc3N)on2)cc1,ATR,Genome integrity,screened_candidate,screened_selectivity_candidate,0.24914529914529915,-4.022652268409729,4.022652268409729,4.109689,3.112671851136364,-0.9970171488636366,0.42857142857142855,0.0,False,0.0,14,880,31
162,Niraparib,1177,NC(=O)c1cccc2cn(-c3ccc([C@@H]4CCCNC4)cc3)nc12,PARP1;PARP2,Genome integrity,screened_candidate,screened_selectivity_candidate,0.24358974358974358,-4.5583745411464145,4.5583745411464145,4.7442942142857145,4.100863756818182,-0.6434304574675327,0.14285714285714285,0.0,False,0.0,14,880,31
163,LGK974,1598,Cc1cc(-c2ncc(CC(=O)Nc3ccc(-c4cnccn4)cn3)cc2C)ccn1,PORCN,WNT signaling,screened_candidate,screened_selectivity_candidate,0.23931623931623933,-4.451825171709061,4.451825171709061,4.882689625,4.224476790084388,-0.658212834915612,0.125,0.0,False,0.0,16,948,31
164,JNK Inhibitor VIII,1043,CCOc1nc(NC(=O)Cc2cc(OC)ccc2OC)cc(N)c1C#N,JNK,JNK and p38 signaling,screened_candidate,screened_selectivity_candidate,0.23247863247863246,-5.086497187614441,5.086497187614441,5.486513875,5.08303930620985,-0.4034745687901502,0.0625,0.0,False,0.0,16,934,31
165,Entinostat,1593,Nc1ccccc1NC(=O)c1ccc(CNC(=O)OCc2cccnc2)cc1,HDAC1;HDAC3,Chromatin histone acetylation,screened_candidate,broad_cytotoxic_downweighted,0.22991452991452987,-2.5695189578192577,2.5695189578192577,2.7834644285714285,2.0185362613122173,-0.7649281672592112,0.7142857142857143,0.0,True,0.2,14,884,31
166,Dihydrorotenone,1827,COc1cc2c(cc1OC)[C@@H]1C(=O)c3ccc4c(c3O[C@@H]1CO2)CC(C(C)C)O4,,Unclassified,screened_candidate,screened_selectivity_candidate,0.22863247863247865,-2.195037623246511,2.195037623246511,1.738179,0.7690999416785207,-0.9690790583214792,0.9166666666666666,0.0,False,0.2,12,703,30
167,Schweinfurthin A,1845,CC(C)=CCC/C(C)=C/Cc1c(O)cc(/C=C/c2cc(O)c3c(c2)C[C@@H]2C(C)(C)[C@H](O)[C@H](O)C[C@@]2(C)O3)cc1O,,Unclassified,screened_candidate,screened_selectivity_candidate,0.2235042735042735,-2.3581995169321694,2.3581995169321694,2.02406925,1.0756140411931818,-0.9484552088068183,0.8333333333333334,0.0,False,0.2,12,704,30
168,glutathione,2439,N[C@@H](CCC(=O)N[C@@H](CS)C(=O)NCC(=O)O)C(=O)O,AKR1B1;CYP3A4;ESD;GGT1;GLO1;GLRX;GLRX2;GPX1;GPX2;GPX3;GPX4;GPX5;GPX6;GPX7;GSR;GSS;GSTA1;GSTA2;GSTA3;GSTA4;GSTA5;GSTK1;GSTM1;GSTM2;GSTM3;GSTM4;GSTM5;GSTO1;GSTO2;GSTP1;GSTT1;GSTZ1;HAGH;HPGDS;IMPDH1;LTC4S;MGST1;MGST2;MGST3;MMP9,Other,indication_expansion,screened_selectivity_candidate,0.22256410256410253,-8.707685674939837,8.707685674939837,9.501134785714285,9.158799423398328,-0.34233536231595707,0.0,0.1,False,0.0,14,718,30
169,MN-64,1854,CC(C)c1ccc(-c2cc(=O)c3ccccc3o2)cc1,TNKS1;TNKS2,WNT signaling,screened_candidate,screened_selectivity_candidate,0.2205128205128205,-4.986953701291766,4.986953701291766,5.213908642857143,4.6600725079545455,-0.5538361349025971,0.07142857142857142,0.0,False,0.0,14,880,31
170,AGK2,2039,N#CC(=Cc1ccc(-c2cc(Cl)ccc2Cl)o1)C(=O)Nc1cccc2ncccc12,BAZ2A;BAZ2B,Chromatin histone acetylation,screened_candidate,broad_cytotoxic_downweighted,0.21752136752136753,-3.8318676352500916,3.8318676352500916,3.6659871875,3.256032837513631,-0.4099543499863687,0.4375,0.0,True,0.2,16,917,31
171,Irinotecan,1088,CCc1c2c(nc3ccc(OC(=O)N4CCC(N5CCCCC5)CC4)cc13)-c1cc3c(c(=O)n1C2)COC(=O)[C@]3(O)CC,TOP1;TOP1MT,DNA replication,indication_expansion,broad_cytotoxic_downweighted,0.21658119658119662,-2.6779923290014267,2.6779923290014267,3.2573249375,2.4678535995785036,-0.7894713379214964,0.6875,0.1,True,0.2,16,949,31
172,Serdemetan,1133,c1ccc2c(CCNc3ccc(Nc4ccncc4)cc3)c[nH]c2c1,MDM2,P53 pathway,screened_candidate,screened_selectivity_candidate,0.2153846153846154,-4.357953771948814,4.357953771948814,4.5700246875,3.7354034828326177,-0.8346212046673824,0.125,0.0,False,0.0,16,932,31
173,Vorinostat,1012,O=C(CCCCCCC(=O)Nc1ccccc1)NO,HDAC1;HDAC2;HDAC3;HDAC6;HDAC8;IIA;IIB;IV,Chromatin histone acetylation,indication_expansion,broad_cytotoxic_downweighted,0.21316239316239316,-1.9224344976246357,1.9224344976246357,1.8245211875,1.4830339077412513,-0.3414872797587487,0.9375,0.1,True,0.4,16,943,31
174,SB505124,1194,Cc1cccc(-c2[nH]c(C(C)(C)C)nc2-c2ccc3c(c2)OCO3)n1,ACVR1B;ACVR1C;TGFBR1,RTK signaling,screened_candidate,screened_selectivity_candidate,0.21128205128205127,-3.9943361282348633,3.9943361282348633,5.490785000000001,3.643626908745247,-1.8471580912547538,0.0,0.3,False,0.0,2,263,24
175,EHT-1864,1069,Cl.Cl.O=c1cc(CN2CCOCC2)occ1OCCCCCSc1ccnc2cc(C(F)(F)F)ccc12,RAC1;RAC2;RAC3,Cytoskeleton,screened_candidate,broad_cytotoxic_downweighted,0.20769230769230768,-3.9840239733457565,3.9840239733457565,4.0217091875,3.671765858683927,-0.34994332881607315,0.375,0.0,True,0.2,16,927,31
176,alpha-lipoic acid,2498,O=C(O)CCCC[C@@H]1CCSS1,,Metabolism,screened_candidate,screened_selectivity_candidate,0.2005982905982906,-7.432095391409738,7.432095391409738,8.202943642857143,7.6390167822468795,-0.5639268606102634,0.0,0.3,False,0.0,14,721,30
177,AZD1208,1449,NC1CCCN(c2c(/C=C3/SC(=O)NC3=O)cccc2-c2ccccc2)C1,PIM1;PIM2;PIM3,Other kinases,screened_candidate,screened_selectivity_candidate,0.198034188034188,-5.008037368456523,5.008037368456523,5.932255583333333,5.217284525568182,-0.7149710577651511,0.0,0.3,False,0.0,12,704,30
178,POMHEX,2148,CC(C)(C)C(=O)OCOP(=O)(OCOC(=O)C(C)(C)C)C1CCCN(O)C1=O,,Unclassified,screened_candidate,screened_selectivity_candidate,0.19786324786324788,-3.036728390625545,3.036728390625545,2.158358285714286,1.3029231086657496,-0.8554351770485362,0.9285714285714286,0.0,False,0.2,14,727,30
179,Cytarabine,1006,Nc1ccn([C@@H]2O[C@H](CO)[C@@H](O)[C@@H]2O)c(=O)n1,ANTIMETABOLITE;POLB,Other,indication_expansion,screened_selectivity_candidate,0.19735042735042735,-2.5296139610665187,2.5296139610665187,2.6710288571428573,1.5323954691358026,-1.1386333880070547,0.6428571428571429,0.1,False,0.2,14,729,30
180,GSK343,2037,CCCc1cc(C)[nH]c(=O)c1CNC(=O)c1cc(-c2ccnc(N3CCN(C)CC3)c2)cc2c1cnn2C(C)C,EZH2,Chromatin histone methylation,screened_candidate,broad_cytotoxic_downweighted,0.19076923076923075,-3.7413653305598666,3.7413653305598666,4.993760357142857,4.447845920220082,-0.5459144369227742,0.2857142857142857,0.3,True,0.2,14,727,30
181,SGC-CBP30,1582,COc1ccc(CCc2nc3cc(-c4c(C)noc4C)ccc3n2CC(C)N2CCOCC2)cc1Cl,CBP;EP300,Chromatin histone acetylation,screened_candidate,broad_cytotoxic_downweighted,0.18931623931623925,-4.145819584528605,4.145819584528605,4.481919916666667,4.217088220170455,-0.26483169649621185,0.16666666666666666,0.0,True,0.2,12,704,30
182,Avagacestat,1072,NC(=O)[C@@H](CCC(F)(F)F)N(Cc1ccc(-c2ncon2)cc1F)S(=O)(=O)c1ccc(Cl)cc1,APH1A;APH1B;NCSTN;PSEN1;PSENEN,Other,screened_candidate,screened_selectivity_candidate,0.18504273504273502,-4.961581707000732,4.961581707000732,5.4006700625,4.743995990405118,-0.6566740720948818,0.0,0.0,False,0.0,16,938,31
183,Mitoxantrone,1810,O=C1c2c(O)ccc(O)c2C(=O)c2c(NCCNCCO)ccc(NCCNCCO)c21,TOP2;TOP2A;TOP2B,DNA replication,indication_expansion,broad_cytotoxic_downweighted,0.18196581196581196,-0.5970916990190744,0.5970916990190744,1.0690443333333335,0.49973479148936173,-0.5693095418439718,0.9166666666666666,0.1,True,0.4,12,705,30
184,ascorbate (vitamin C),2438,O=C1OC(C(O)CO)C(O)=C1[O-],,Other,screened_candidate,screened_selectivity_candidate,0.18162393162393162,-9.352603707994733,9.352603707994733,10.6151355,10.243136373259052,-0.37199912674094726,0.0,0.0,False,0.0,14,718,30
185,Gemcitabine,1190,Nc1ccn([C@@H]2O[C@H](CO)[C@@H](O)C2(F)F)c(=O)n1,CMPK1;RRM1;RRM2;TYMS,DNA replication,indication_expansion,broad_cytotoxic_downweighted,0.18153846153846154,-0.7595804696902633,0.7595804696902633,-0.1677626875,-0.7759487383474576,-0.6081860508474576,1.0,0.1,True,0.4,16,944,31
186,TW 37,1149,CC(C)c1ccccc1Cc1cc(C(=O)Nc2ccc(S(=O)(=O)c3ccccc3C(C)(C)C)cc2)c(O)c(O)c1O,BCL-XL;BCL2;MCL1,Apoptosis regulation,screened_candidate,broad_cytotoxic_downweighted,0.17564102564102557,-1.6775317745549339,1.6775317745549339,1.7025067142857142,1.2882870162601625,-0.4142196980255517,0.8571428571428571,0.0,True,0.4,7,369,30
187,LY2109761,1852,c1ccc(-c2nn3c(c2-c2ccnc4cc(OCCN5CCOCC5)ccc24)CCC3)nc1,TGFB1,Other,screened_candidate,screened_selectivity_candidate,0.17393162393162392,-5.089035068239484,5.089035068239484,5.575648999999999,4.966942059225513,-0.6087069407744865,0.0,0.0,False,0.0,14,878,31
188,RVX-208,1625,COc1cc(OC)c2c(=O)[nH]c(-c3cc(C)c(OCCO)c(C)c3)nc2c1,BRD4,Chromatin other,screened_candidate,broad_cytotoxic_downweighted,0.1683760683760684,-4.562716160501752,4.562716160501752,4.8774945,4.73184812741752,-0.1456463725824797,0.07142857142857142,0.0,True,0.2,14,879,31
189,Veliparib,1018,C[C@]1(c2nc3c(C(N)=O)cccc3[nH]2)CCCN1,PARP1;PARP2,Genome integrity,indication_expansion,screened_selectivity_candidate,0.16230769230769226,-5.335039138793945,5.335039138793945,5.8754349375,5.245582887459808,-0.6298520500401921,0.0,0.1,False,0.0,16,933,31
190,ICL-SIRT078,2011,COc1ccc2ccccc2c1Cn1cnc2sc3c(c2c1=O)CCC(NCc1cccnc1)C3,SIR2,Other,screened_candidate,screened_selectivity_candidate,0.1594017094017094,-4.696839230401175,4.696839230401175,5.152490071428572,4.273273413223141,-0.879216658205431,0.21428571428571427,0.0,False,0.0,14,726,30
191,Leflunomide,1578,Cc1oncc1C(=O)Nc1ccc(C(F)(F)F)cc1,AHR;DHODH;PTK2B,DNA replication,screened_candidate,broad_cytotoxic_downweighted,0.15854700854700854,-4.711437634059361,4.711437634059361,5.0676472142857145,5.037740760227273,-0.029906454058441945,0.0,0.0,True,0.2,14,880,31
192,Sabutoclax,1849,Cc1cc2c(C(=O)NCC(C)c3ccccc3)c(O)c(O)cc2c(O)c1-c1c(C)cc2c(C(=O)NCC(C)c3ccccc3)c(O)c(O)cc2c1O,BCL-XL;BCL2;BFL1;MCL1,Apoptosis regulation,screened_candidate,broad_cytotoxic_downweighted,0.15384615384615385,-1.201539884986622,1.201539884986622,0.24045714285714284,-0.35509025740318906,-0.5955474002603319,1.0,0.0,True,0.4,14,878,31
193,Vinblastine,1004,CC[C@]1(O)C[C@@H]2CN(CCc3c([nH]c4ccccc34)[C@@](C(=O)OC)(c3cc4c(cc3OC)N(C)[C@H]3[C@@](O)(C(=O)OC)[C@H](OC(C)=O)[C@]5(CC)C=CCN6CC[C@]43[C@@H]65)C2)C1,JUN;TUBA1A;TUBB;TUBB2A;TUBD1;TUBE1;TUBG1,Mitosis,screened_candidate,broad_cytotoxic_downweighted,0.15256410256410247,2.7096347170216695,-2.7096347170216695,-2.6905284285714286,-3.50724472352132,-0.8167162949498916,1.0,0.0,True,0.4,14,727,30
194,CCT007093,1067,O=C1C(=Cc2cccs2)CCC1=Cc1cccs1,PPM1D,Cell cycle,screened_candidate,screened_selectivity_candidate,0.15042735042735042,-5.466372172037761,5.466372172037761,5.765808866666666,5.174609452871072,-0.5911994137955938,0.0,0.0,False,0.0,15,923,31
195,VE821,2111,CS(=O)(=O)c1ccc(-c2cnc(N)c(C(=O)Nc3ccccc3)n2)cc1,ATR,Genome integrity,screened_candidate,screened_selectivity_candidate,0.14786324786324787,-4.746109390258789,4.746109390258789,4.903946466666667,3.920741822649573,-0.9832046440170936,0.3333333333333333,0.0,False,0.0,15,936,31
196,Tozasertib,1096,Cc1cc(Nc2cc(N3CCN(C)CC3)nc(Sc3ccc(NC(=O)C4CC4)cc3)n2)n[nH]1,AURKA;AURKB;AURKC;LCK;OTHERS,Mitosis,screened_candidate,broad_cytotoxic_downweighted,0.14358974358974352,-1.876963198184967,1.876963198184967,2.333179,1.8781697593984963,-0.4550092406015036,0.5,0.0,True,0.4,2,266,24
197,Nutlin-3a (-),1047,COc1ccc(C2=NC(c3ccc(Cl)cc3)C(c3ccc(Cl)cc3)N2C(=O)N2CCNC(=O)C2)c(OC(C)C)c1,MDM2,P53 pathway,screened_candidate,screened_selectivity_candidate,0.14273504273504273,-4.860262006521225,4.860262006521225,5.2931241875,4.401480959033613,-0.8916432284663873,0.125,0.0,False,0.0,16,952,31
198,PCI-34051,1621,COc1ccc(Cn2ccc3ccc(C(=O)NO)cc32)cc1,HDAC1;HDAC6;HDAC8,Chromatin histone acetylation,screened_candidate,broad_cytotoxic_downweighted,0.1388888888888889,-4.492301395961216,4.492301395961216,4.715854357142858,4.387068387499999,-0.32878596964285833,0.21428571428571427,0.0,True,0.2,14,880,31
199,Ibrutinib,1799,C=CC(=O)N1CCC[C@@H](n2nc(-c3ccc(Oc4ccccc4)cc3)c3c(N)ncnc32)C1,BTK,Other kinases,screened_candidate,screened_selectivity_candidate,0.13606837606837607,-4.913198675428118,4.913198675428118,5.642672928571429,4.02666331849315,-1.6160096100782786,0.07142857142857142,0.3,False,0.0,14,876,31
200,Paclitaxel,1080,CC(=O)O[C@H]1C(=O)[C@@]2(C)[C@H]([C@H](OC(=O)c3ccccc3)[C@]3(O)C[C@H](OC(=O)[C@H](O)[C@@H](NC(=O)c4ccccc4)c4ccccc4)C(C)=C1C3(C)C)[C@]1(OC(C)=O)CO[C@@H]1C[C@@H]2O,BCL2;NR1I2;TUBB1,Mitosis,indication_expansion,broad_cytotoxic_downweighted,0.13239316239316234,1.860726029612124,-1.860726029612124,-2.099967625,-3.1120202038216562,-1.0120525788216561,1.0,0.1,True,0.4,16,942,31
201,GSK591,2110,O=C(NCC(O)CN1CCc2ccccc2C1)c1ccnc(NC2CCC2)c1,PMRT5,Chromatin histone methylation,screened_candidate,broad_cytotoxic_downweighted,0.12495726495726495,-4.517690515518188,4.517690515518188,4.911822133333334,4.3631947028754,-0.5486274304579339,0.06666666666666667,0.3,True,0.2,15,939,31
202,KU-55933,1030,O=c1cc(-c2cccc3c2Sc2ccccc2S3)oc(N2CCOCC2)c1,ATM,Genome integrity,screened_candidate,screened_selectivity_candidate,0.1222222222222222,-5.290611982345581,5.290611982345581,5.7511175625,5.021846380191694,-0.729271182308306,0.0,0.0,False,0.0,16,939,31
203,GSK2830371,2359,Cc1ncc(Cl)cc1NCc1ccc(C(=O)NC(CC2CCCC2)C(=O)NC2CC2)s1,WIP1,Other,screened_candidate,screened_selectivity_candidate,0.11538461538461539,-5.321939945220947,5.321939945220947,6.113710357142857,5.398117991631799,-0.7155923655110579,0.0,0.0,False,0.0,14,717,30
204,I-BRD9,1928,CCn1cc(-c2cccc(C(F)(F)F)c2)c2sc(C(N)=NC3CCS(=O)(=O)CC3)cc2c1=O,BRD9,Chromatin other,screened_candidate,broad_cytotoxic_downweighted,0.1111111111111111,-4.5346499979496,4.5346499979496,4.734813375,4.348409804670912,-0.38640357032908756,0.1875,0.0,True,0.2,16,942,31
205,Pyridostatin,2044,NCCOc1cc(C(=O)Nc2cc(OCCN)c3ccccc3n2)nc(C(=O)Nc2cc(OCCN)c3ccccc3n2)c1,,DNA replication,screened_candidate,broad_cytotoxic_downweighted,0.10683760683760685,-4.025464177131653,4.025464177131653,4.2182500625,3.558562695187166,-0.6596873673128343,0.375,0.0,True,0.2,16,935,31
206,Remodelin,2057,N#Cc1ccc(-c2csc(NN=C3CCCC3)n2)cc1,,Unclassified,screened_candidate,screened_selectivity_candidate,0.1047008547008547,-5.122705777486165,5.122705777486165,5.643276833333334,4.8032847087912085,-0.8399921245421256,0.0,0.0,False,0.0,6,364,28
207,BEN,1847,N=C(N)c1ccccc1,,Unclassified,indication_expansion,screened_selectivity_candidate,0.09777777777777778,-5.019561807314555,5.019561807314555,5.443466333333333,3.950840852482269,-1.4926254808510642,0.08333333333333333,0.1,False,0.0,12,705,30
208,GSK2801,1580,CCCOc1ccn2c(C(C)=O)cc(-c3ccccc3S(C)(=O)=O)c2c1,,Chromatin other,screened_candidate,broad_cytotoxic_downweighted,0.0897435897435897,-4.931038896242778,4.931038896242778,5.279884083333333,4.976591034042553,-0.3032930492907804,0.0,0.0,True,0.2,12,705,30
209,UNC0379,2159,COc1cc2nc(N3CCCC3)nc(NCCCCCN3CCCC3)c2cc1OC,SETD8,Chromatin histone methylation,screened_candidate,broad_cytotoxic_downweighted,0.08692307692307694,-4.198181186403547,4.198181186403547,4.377289357142858,3.4827509601100415,-0.8945383970328162,0.35714285714285715,0.3,True,0.2,14,727,30
210,A-366,2157,COc1cc2c(cc1OCCCN1CCCC1)N=C(N)C21CCC1,EHMT1;EHMT2,Chromatin histone methylation,screened_candidate,broad_cytotoxic_downweighted,0.08179487179487172,-5.000355584280832,5.000355584280832,5.384333571428571,4.861191972489684,-0.5231415989388868,0.0,0.3,True,0.2,14,727,30
211,5-Fluorouracil,1073,O=c1[nH]cc(F)c(=O)[nH]1,,Other,screened_candidate,screened_selectivity_candidate,0.07863247863247863,-5.116562113165855,5.116562113165855,5.450051625,4.368635517857142,-1.081416107142858,0.1875,0.0,False,0.0,16,952,31
212,Cyclophosphamide,1512,O.O=P1(N(CCCl)CCCl)NCCCO1,NR1I2,DNA replication,indication_expansion,broad_cytotoxic_downweighted,0.0781196581196581,-5.27447709441185,5.27447709441185,5.5210665625,5.246953045696069,-0.27411351680393103,0.0,0.1,True,0.2,16,941,31
213,ML323,1629,Cc1cnc(-c2ccccc2C(C)C)nc1NCc1ccc(-n2ccnn2)cc1,UAF1;USP1,Protein stability and degradation,screened_candidate,broad_cytotoxic_downweighted,0.07478632478632474,-4.671614646911621,4.671614646911621,4.9694999285714285,4.5330833637400225,-0.436416564831406,0.07142857142857142,0.0,True,0.2,14,877,31
214,P22077,1933,CC(=O)c1cc([N+](=O)[O-])c(Sc2ccc(F)cc2F)s1,USP47;USP7,Protein stability and degradation,screened_candidate,broad_cytotoxic_downweighted,0.07051282051282048,-4.649963781237602,4.649963781237602,4.89037425,4.394118820594479,-0.4962554294055206,0.25,0.0,True,0.2,16,942,31
215,WEHI-539,1997,NCc1ccc(OCCCc2sc(-c3ccc4c(c3)C(=NNc3nc5ccccc5s3)CCC4)nc2C(=O)O)cc1,BCL-XL,Apoptosis regulation,screened_candidate,broad_cytotoxic_downweighted,0.06709401709401708,-4.066639304161072,4.066639304161072,4.4103944375,3.6642554746300213,-0.7461389628699786,0.3125,0.0,True,0.2,16,946,31
216,Acetalax,1804,CC(=O)Oc1ccc(C2(c3ccc(OC(C)=O)cc3)C(=O)Nc3ccccc32)cc1,,Unclassified,screened_candidate,screened_selectivity_candidate,0.053418803418803416,-5.112762689590454,5.112762689590454,5.8198055,4.554897078014185,-1.2649084219858153,0.08333333333333333,0.0,False,0.0,12,705,30
217,AZD5582,1617,CNC(C)C(=O)NC(C(=O)N1CCCC1C(=O)NC1c2ccccc2CC1OCC#CC#CCOC1Cc2ccccc2C1NC(=O)C1CCCN1C(=O)C(NC(=O)C(C)NC)C1CCCCC1)C1CCCCC1,CIAP;XIAP,Apoptosis regulation,screened_candidate,broad_cytotoxic_downweighted,0.042307692307692296,-3.9030052764075145,3.9030052764075145,3.750268785714286,2.1373358419838526,-1.6129329437304332,0.5,0.0,True,0.2,14,867,31
218,EPZ004777,1237,CC(C)N(CCCNC(=O)Nc1ccc(C(C)(C)C)cc1)CC1OC(n2ccc3c(N)ncnc32)C(O)C1O,DOT1L,Chromatin histone methylation,screened_candidate,broad_cytotoxic_downweighted,0.023675213675213663,-5.029356479644775,5.029356479644775,5.7786015625,5.136533758693361,-0.642067803806639,0.0,0.3,True,0.2,16,949,31
219,Cisplatin,1005,N->[Pt](<-N)(Cl)Cl,A2M;ATOX1;MPG;TF,DNA replication,indication_expansion,broad_cytotoxic_downweighted,0.014871794871794852,-4.3955557857240946,4.3955557857240946,4.256104642857143,3.203067163538874,-1.0530374793182693,0.2857142857142857,0.1,True,0.2,14,746,30
220,OF-1,1853,COc1cc2c(cc1NS(=O)(=O)c1ccc(Br)cc1C)n(C)c(=O)n2C,BRPF1B;BRPF2,Chromatin histone acetylation,screened_candidate,broad_cytotoxic_downweighted,0.002136752136752129,-4.234836101531982,4.234836101531982,4.971903571428571,4.105373386363636,-0.866530185064935,0.21428571428571427,0.0,True,0.2,14,880,31
221,Elesclomol,1031,CN(NC(=O)CC(=O)NN(C)C(=S)c1ccccc1)C(=S)c1ccccc1,HSP90,Protein stability and degradation,screened_candidate,broad_cytotoxic_downweighted,0.0012820512820512775,-2.2286452651023865,2.2286452651023865,0.40726150000000005,-1.7056351165919281,-2.1128966165919283,1.0,0.0,True,0.4,2,223,24
222,Lenalidomide,1020,Nc1cccc2c1CN(C1CCC(=O)NC1=O)C2=O,CDH5;CRBN;PTGS2;TNF;TNFSF11,Protein stability and degradation,indication_expansion,broad_cytotoxic_downweighted,0.0,-5.289722293615341,5.289722293615341,5.8064855,5.218702273311897,-0.5877832266881029,0.0,0.1,True,0.2,16,933,31
223,Alisertib,1051,COc1cc(Nc2ncc3c(n2)-c2ccc(Cl)cc2C(c2c(F)cccc2OC)=NC3)ccc1C(=O)O,AURKA,Mitosis,screened_candidate,broad_cytotoxic_downweighted,0.0,-2.376105435192585,2.376105435192585,2.6412220625,1.5721660428724546,-1.0690560196275452,0.75,0.0,True,0.4,16,933,31
224,Fludarabine,1813,Nc1nc(F)nc2c1ncn2[C@@H]1O[C@H](CO)[C@@H](O)[C@@H]1O,ADA;ANTIMETABOLITE;DCK;POLA1;RRM1,DNA replication,indication_expansion,broad_cytotoxic_downweighted,0.0,-5.089184820652008,5.089184820652008,5.445464583333333,4.755619392907802,-0.6898451904255314,0.08333333333333333,0.1,True,0.2,12,705,30
225,Navitoclax,1011,CC1(C)CCC(c2ccc(Cl)cc2)=C(CN2CCN(c3ccc(C(=O)NS(=O)(=O)c4ccc(N[C@H](CCN5CCOCC5)CSc5ccccc5)c(S(=O)(=O)C(F)(F)F)c4)cc3)CC2)C1,BAD;BCL-W;BCL-XL;BCL2;BCL2L1;BCL2L2;CCND1,Apoptosis regulation,screened_candidate,broad_cytotoxic_downweighted,0.0,-2.9134224951267242,2.9134224951267242,2.6380623125,1.7231388548895898,-0.9149234576104099,0.875,0.0,True,0.4,16,951,31
226,PFI3,1620,O=C(C=CN1CC2CC1CN2c1ccccn1)c1ccccc1O,SMARCA2;SMARCA4,Chromatin other,screened_candidate,broad_cytotoxic_downweighted,0.0,-5.406570298331125,5.406570298331125,5.906422357142858,5.38003925,-0.5263831071428573,0.0,0.0,True,0.2,14,880,31
227,EPZ5676,1563,CC(C)N(CC1OC(n2cnc3c(N)ncnc32)C(O)C1O)C1CC(CCc2nc3ccc(C(C)(C)C)cc3[nH]2)C1,DOT1L,Chromatin histone methylation,screened_candidate,broad_cytotoxic_downweighted,0.0,-5.43352136015892,5.43352136015892,6.25459975,5.521478216701902,-0.7331215332980978,0.0,0.3,True,0.2,16,946,31
228,LCL161,1557,CN[C@@H](C)C(=O)N[C@H](C(=O)N1CCC[C@H]1c1nc(C(=O)c2ccc(F)cc2)cs1)C1CCCCC1,BIRC2;BIRC3;BIRC5;BIRC7;IAP1;IAP2;NAIP;XIAP,Apoptosis regulation,screened_candidate,broad_cytotoxic_downweighted,0.0,-5.0062118257795065,5.0062118257795065,5.490311642857143,4.749923385665529,-0.740388257191614,0.0,0.0,True,0.2,14,879,31
229,ABT737,1910,CN(C)CC[C@H](CSc1ccccc1)Nc1ccc(S(=O)(=O)NC(=O)c2ccc(N3CCN(Cc4ccccc4-c4ccc(Cl)cc4)CC3)cc2)cc1[N+](=O)[O-],BCL-B;BCL-W;BCL-XL;BCL2;BFL1,Apoptosis regulation,screened_candidate,broad_cytotoxic_downweighted,0.0,-2.9191634953022003,2.9191634953022003,2.8741900625,1.8598110318809777,-1.0143790306190221,0.75,0.0,True,0.4,16,941,31
230,Nelarabine,1814,COc1nc(N)nc2c1ncn2[C@@H]1O[C@H](CO)[C@@H](O)[C@@H]1O,LIG1;POLA1;PRIM1;RRM1,DNA replication,screened_candidate,broad_cytotoxic_downweighted,0.0,-5.726336121559143,5.726336121559143,6.514742333333333,5.995335362215909,-0.5194069711174247,0.0,0.0,True,0.2,12,704,30
231,Temozolomide,1375,Cn1nnc2c(C(N)=O)ncn2c1=O,,DNA replication,indication_expansion,broad_cytotoxic_downweighted,0.0,-6.384374141693115,6.384374141693115,6.9148932499999995,6.246976511064278,-0.6679167389357215,0.0,0.1,True,0.2,16,949,31
232,AZD5991,1720,Cc1c2c(nn1C)CSCc1cc(n(C)n1)CSc1cc(c3ccccc3c1)OCCCc1c(C(=O)O)n(C)c3c-2c(Cl)ccc13,MCL1,Apoptosis regulation,screened_candidate,broad_cytotoxic_downweighted,0.0,-4.75258918242021,4.75258918242021,5.623747909090909,3.7163727421652424,-1.9073751669256667,0.0,0.0,True,0.2,11,702,30
233,UNC0638,2038,COc1cc2c(NC3CCN(C(C)C)CC3)nc(C3CCCCC3)nc2cc1OCCCN1CCCC1,G9A;GLP,Chromatin histone methylation,screened_candidate,broad_cytotoxic_downweighted,0.0,-4.698697004999433,4.698697004999433,5.209997928571428,4.107875586350975,-1.1021223422204534,0.07142857142857142,0.3,True,0.2,14,718,30
234,Oxaliplatin,1806,O=C1O[Pt]2(<-N[C@@H]3CCCC[C@H]3N->2)OC1=O,,DNA replication,indication_expansion,broad_cytotoxic_downweighted,0.0,-4.985423902670543,4.985423902670543,5.81254925,4.918709170212766,-0.8938400797872337,0.08333333333333333,0.1,True,0.2,12,705,30
