thyroid_selective_rank,drug_name,canonical_drug_id,canonical_smiles,target_genes,PATHWAY_NAME_NORMALIZED,classification,ranking_layer,thyroid_selective_score,ensemble_score,mean_pred_ln_ic50,thyroid_mean_ln_ic50,pancancer_mean_ln_ic50,selectivity_delta_ln_ic50,thyroid_sensitive_rate,thyroid_context_score,broad_cytotoxic_flag,broad_cytotoxic_penalty,thyroid_observed_cell_lines,pancancer_cell_lines,pancancer_tcga_types,thyroid_targeted_rank
1,Trametinib,1372,CC(=O)Nc1cccc(-n2c(=O)n(C3CC3)c(=O)c3c(Nc4ccc(I)cc4F)n(C)c(=O)c(C)c32)c1,MAP2K1;MAP2K2,ERK MAPK signaling,approved,thyroid_context_supported,0.9602564102564102,0.4799599703401327,-0.4799599703401327,-0.7924453125,0.2334600494736842,1.0259053619736842,1.0,1.0,False,0.0,16,950,31,1
2,Staurosporine,1034,CN[C@@H]1C[C@H]2O[C@@](C)([C@@H]1OC)n1c3ccccc3c3c4c(c5c6ccccc6n2c5c31)C(=O)NC4,CDK2;CHRM1;CSK;GSK3B;IKBKB;ITK;LCK;MAPKAPK2;PDPK1;PIK3CG;PIM1;PRKCA;PRKCQ;SYK;ZAP70,RTK signaling,screened_candidate,thyroid_context_supported,0.955042735042735,2.739223465323448,-2.739223465323448,-3.242498125,-2.7855827142857144,0.45691541071428565,1.0,0.8500000000000001,False,0.0,16,952,31,2
3,PD0325901,1060,O=C(NOC[C@H](O)CO)c1ccc(F)c(F)c1Nc1ccc(I)cc1F,MAP2K1;MAP2K2,ERK MAPK signaling,screened_candidate,thyroid_context_supported,0.9050427350427351,-0.7096683268900961,0.7096683268900961,0.34648475,1.3589901554621848,1.0125054054621847,0.9375,0.8500000000000001,False,0.0,16,952,31,3
4,Refametinib,1014,COc1cc(F)c(F)c(Nc2ccc(I)cc2F)c1NS(=O)(=O)C1(C[C@H](O)CO)CC1,MAP2K1;MAP2K2,ERK MAPK signaling,screened_candidate,thyroid_context_supported,0.8695726495726496,-1.8724587997421622,1.8724587997421622,1.33403825,2.2902835435016113,0.9562452935016112,1.0,0.8500000000000001,False,0.0,16,931,31,4
5,Ulixertinib,1908,CC(C)Nc1cc(-c2c[nH]c(C(=O)N[C@H](CO)c3cccc(Cl)c3)c2)c(Cl)cn1,EPHB2;MAPK1;MAPK3,ERK MAPK signaling,indication_expansion,thyroid_context_supported,0.8408547008547009,-2.1544026024639606,2.1544026024639606,2.6245585,2.804281290870488,0.17972279087048815,0.75,0.9500000000000001,False,0.0,16,942,31,5
6,SCH772984,1564,O=C(Nc1ccc2[nH]nc(-c3ccncc3)c2c1)C1CCN(CC(=O)N2CCN(c3ccc(-c4ncccn4)cc3)CC2)C1,MAPK1;MAPK3,ERK MAPK signaling,screened_candidate,thyroid_context_supported,0.8298290598290599,-2.5917029306292534,2.5917029306292534,2.1447521875,2.45954982278481,0.3147976352848101,0.8125,0.8500000000000001,False,0.0,16,948,31,6
7,Selumetinib,1736,Cn1cnc2c(F)c(Nc3ccc(Br)cc3Cl)c(C(=O)NOCCO)cc21,MAP2K1;MAP2K2,ERK MAPK signaling,indication_expansion,thyroid_context_supported,0.8276068376068376,-2.717894231279691,2.717894231279691,2.9058154999999997,3.93216580141844,1.0263503014184403,0.75,0.9500000000000001,False,0.0,12,705,30,7
8,Dasatinib,1079,Cc1nc(Nc2ncc(C(=O)Nc3c(C)cccc3Cl)s2)cc(N2CCN(CCO)CC2)n1.O,ABL;ABL1;ABL2;BCR;BTK;CSK;EPHA2;EPHA5;EPHB4;EPHRINS;FGR;FRK;FYN;HSPA8;KIT;LCK;LYN;MAP3K20;MAPK14;NR4A3;PDGFR;PDGFRB;PPAT;SRC;STAT5B;YES1,Other kinases,indication_expansion,screened_selectivity_candidate,0.8052136752136752,-1.0116481366567314,1.0116481366567314,0.5223526875,1.2985312389006343,0.7761785514006343,0.875,0.4,False,0.0,16,946,31,8
9,Dabrafenib,1373,CC(C)(C)c1nc(-c2cccc(NS(=O)(=O)c3c(F)cccc3F)c2F)c(-c2ccnc(N)n2)s1,BRAF;LIMK1;NEK11;RAF1;SIK1,ERK MAPK signaling,approved,thyroid_context_supported,0.7987179487179488,-2.9742196947336197,2.9742196947336197,3.5182974375000002,4.265669489339019,0.7473720518390188,0.5625,1.0,False,0.0,16,938,31,9
10,BX795,1037,O=C(NCCCNc1nc(Nc2cccc(NC(=O)N3CCCC3)c2)ncc1I)c1cccs1,AURKB;AURKC;IKK;TBK1,Other kinases,screened_candidate,screened_selectivity_candidate,0.7501709401709402,-1.470781683921814,1.470781683921814,2.2385245,2.6916946995515696,0.45317019955156956,1.0,0.3,False,0.0,2,223,24,10
11,AZD2014,1441,CNC(=O)c1cccc(-c2ccc3c(N4CCOCC4C)nc(N4CCOCC4C)nc3n2)c1,MTOR,PI3K/MTOR signaling,screened_candidate,screened_selectivity_candidate,0.7375213675213675,-2.5965310434500375,2.5965310434500375,2.4239170833333334,2.1336270695035457,-0.2902900138297877,0.8333333333333334,0.8500000000000001,False,0.0,12,705,30,11
12,VX-11e,2096,Cc1cnc(Nc2ccc(F)cc2Cl)nc1-c1c[nH]c(C(=O)NC(CO)c2cccc(Cl)c2)c1,MAPK1,ERK MAPK signaling,screened_candidate,screened_selectivity_candidate,0.7221367521367521,-2.7656555573145547,2.7656555573145547,2.9458624,2.705976391906283,-0.23988600809371707,0.7333333333333333,0.8500000000000001,False,0.0,15,939,31,12
13,Cediranib,1922,COc1cc2c(Oc3ccc4[nH]c(C)cc4c3F)ncnc2cc1OCCCN1CCCC1,FLT1;FLT2;FLT3;FLT4;KDR;KIT;PDGFRB,RTK signaling,indication_expansion,screened_selectivity_candidate,0.7216239316239317,-2.609502963721752,2.609502963721752,2.64335825,2.265800651804671,-0.37755759819532875,0.8125,0.9500000000000001,False,0.0,16,942,31,13
14,Podophyllotoxin bromide,1825,COc1cc(C2c3cc4c(cc3C(Br)C3COC(=O)C23)OCO4)cc(OC)c1OC,,Unclassified,screened_candidate,screened_selectivity_candidate,0.7183760683760684,-0.40230650703112286,0.40230650703112286,-0.57506275,-0.4444528638297872,0.13060988617021274,1.0,0.0,False,0.0,12,705,30,14
15,OSI-027,1594,COc1cccc2cc(-c3nc([C@H]4CC[C@H](C(=O)O)CC4)n4ncnc(N)c34)[nH]c12,MTOR,PI3K/MTOR signaling,screened_candidate,screened_selectivity_candidate,0.6930769230769231,-2.5971290320158005,2.5971290320158005,2.9309724375,2.55830531779661,-0.3726671197033897,0.75,0.8500000000000001,False,0.0,16,944,31,15
16,PLX-4720,1036,CCCS(=O)(=O)Nc1ccc(F)c(C(=O)c2c[nH]c3ncc(Cl)cc23)c1F,BRAF;KDR,ERK MAPK signaling,screened_candidate,thyroid_context_supported,0.6866666666666666,-3.5410411059856415,3.5410411059856415,4.069937125,4.2121921619047615,0.1422550369047615,0.5,0.8500000000000001,False,0.0,16,945,31,16
17,Lestaurtinib,1024,C[C@]12O[C@H](C[C@]1(O)CO)n1c3ccccc3c3c4c(c5c6ccccc6n2c5c31)CNC4=O,FLT3;JAK2;NTRK1;NTRK2;NTRK3,Other kinases,screened_candidate,screened_selectivity_candidate,0.6631623931623931,-0.21199381141923368,0.21199381141923368,0.1172835,-0.015120164339419971,-0.13240366433941997,1.0,0.8500000000000001,False,0.2,16,931,31,17
18,AZD4547,1786,COc1cc(CCc2cc(NC(=O)c3ccc(N4CC(C)NC(C)C4)cc3)n[nH]2)cc(OC)c1,FGFR1;FGFR2;FGFR3,RTK signaling,indication_expansion,screened_selectivity_candidate,0.6472649572649573,-3.215532287955284,3.215532287955284,3.1525804375,2.7184456839872744,-0.4341347535127258,0.8125,0.9500000000000001,False,0.0,16,943,31,18
19,AZD8055,1059,COc1ccc(-c2ccc3c(N4CCOC[C@@H]4C)nc(N4CCOC[C@@H]4C)nc3n2)cc1CO,MTOR,PI3K/MTOR signaling,screened_candidate,screened_selectivity_candidate,0.6447863247863248,-0.26585495764655726,0.26585495764655726,0.1678127857142857,-0.03658903830369357,-0.20440182401797927,1.0,0.8500000000000001,False,0.2,14,731,30,19
20,BMS-536924,1091,Cc1cc(N2CCOCC2)cc2[nH]c(-c3c(NCC(O)c4cccc(Cl)c4)cc[nH]c3=O)nc12,IGF1R;IR,IGF1R signaling,screened_candidate,screened_selectivity_candidate,0.6397435897435897,-2.057505413889885,2.057505413889885,2.15503,2.1094579532908706,-0.0455720467091294,0.9375,0.0,False,0.0,16,942,31,20
21,Foretinib,2040,COc1cc2c(Oc3ccc(NC(=O)C4(C(=O)Nc5ccc(F)cc5)CC4)cc3F)ccnc2cc1OCCCN1CCOCC1,EGFR;FGFR1;FLT4;HGF;KDR;MET;PDGFR;RON;TIE2,RTK signaling,screened_candidate,screened_selectivity_candidate,0.6353846153846154,-1.427635671570897,1.427635671570897,1.0319998750000001,0.9096075901814301,-0.12239228481857001,1.0,0.8500000000000001,False,0.2,16,937,31,21
22,AZ960,1250,Cc1cc(Nc2nc(NC(C)c3ccc(F)cc3)c(C#N)cc2F)n[nH]1,JAK2;JAK3,Other kinases,screened_candidate,screened_selectivity_candidate,0.6262393162393163,-2.6414247155189514,2.6414247155189514,2.1866472142857143,1.8925642072892939,-0.2940830069964204,0.8571428571428571,0.3,False,0.0,14,878,31,22
23,Buparlisib,1873,Nc1cc(C(F)(F)F)c(-c2cc(N3CCOCC3)nc(N3CCOCC3)n2)cn1,PI3KALPHA;PI3KBETA;PI3KDELTA;PI3KGAMMA;PIK3CA;PIK3CB;PIK3CD;PIK3CG,PI3K/MTOR signaling,indication_expansion,screened_selectivity_candidate,0.6182051282051282,-1.447357926517725,1.447357926517725,1.3999575625,1.129653600849257,-0.270303961650743,0.9375,0.9500000000000001,False,0.2,16,942,31,23
24,SL0101,1039,CC(=O)OC1C(C)OC(Oc2c(-c3ccc(O)cc3)oc3cc(O)cc(O)c3c2=O)C(O)C1OC(C)=O,AURKB;PIM1;PIM3;RSK,Other kinases,screened_candidate,screened_selectivity_candidate,0.6044444444444443,-3.024647057056427,3.024647057056427,4.4289735,4.736093493273542,0.30711999327354267,0.0,0.3,False,0.0,2,223,24,24
26,Savolitinib,1936,C[C@@H](c1ccc2nccn2c1)n1nnc2ncc(-c3cnn(C)c3)nc21,MET,RTK signaling,screened_candidate,screened_selectivity_candidate,0.5952136752136753,-3.4229330271482468,3.4229330271482468,3.261660625,2.7248201838469712,-0.536840441153029,0.75,0.8500000000000001,False,0.0,16,941,31,25
27,Entospletinib,1630,c1cn2cc(-c3ccc4cn[nH]c4c3)nc(Nc3ccc(N4CCOCC4)cc3)c2n1,SYK,Other kinases,screened_candidate,screened_selectivity_candidate,0.5929059829059828,-3.5058701378958568,3.5058701378958568,3.545974642857143,3.6740900886363637,0.12811544577922085,0.6428571428571429,0.3,False,0.0,14,880,31,26
28,Crizotinib,1083,C[C@@H](Oc1cc(-c2cnn(C3CCNCC3)c2)cnc1N)c1c(Cl)ccc(F)c1Cl,ALK;MET;MST1R;ROS1,RTK signaling,indication_expansion,screened_selectivity_candidate,0.5912820512820514,-3.0008527263998985,3.0008527263998985,3.237987625,2.545347096842105,-0.6926405281578951,0.625,0.9500000000000001,False,0.0,16,950,31,27
29,Sorafenib,1085,CNC(=O)c1cc(Oc2ccc(NC(=O)Nc3ccc(Cl)c(C(F)(F)F)c3)cc2)ccn1,BRAF;EGFR;FGFR1;FLT1;FLT3;FLT4;KDR;KIT;PDGFR;PDGFRB;RAF;RAF1;RET,Other kinases,approved,screened_selectivity_candidate,0.5901709401709402,-3.219490110874176,3.219490110874176,3.2061374375,2.534038968152866,-0.6720984693471337,0.75,1.0,False,0.0,16,942,31,28
31,Axitinib,1021,CNC(=O)c1ccccc1Sc1ccc2c(/C=C/c3ccccn3)n[nH]c2c1,ABL1;FLT1;FLT4;KDR;KIT;PDGFR,RTK signaling,indication_expansion,screened_selectivity_candidate,0.5801709401709402,-3.4408984780311584,3.4408984780311584,3.51946525,2.891868422222222,-0.6275968277777779,0.375,0.9500000000000001,False,0.0,16,945,31,29
32,Daporinad,1248,O=C(/C=C/c1cccnc1)NCCCCC1CCN(C(=O)c2ccccc2)CC1,NAMPT,Metabolism,screened_candidate,screened_selectivity_candidate,0.5775213675213675,1.5932222488853667,-1.5932222488853667,-3.2287134444444447,-3.38742916552901,-0.15871572108456533,1.0,0.3,False,0.2,9,586,31,30
