canonical_drug_id,drug_name,canonical_smiles,target_genes,classification,has_lincs_signature,lincs_signature_source_direct,lincs_signature_source_recovered,local_lincs_name_match_available,local_lincs_smiles_match_available,suggested_action
1003,Camptothecin,CC[C@@]1(O)C(=O)OCc2c1cc1n(c2=O)Cc2cc3ccccc3nc2-1,TOP1,indication_expansion,True,True,False,True,True,keep_existing_lincs
1004,Vinblastine,CC[C@]1(O)C[C@@H]2CN(CCc3c([nH]c4ccccc34)[C@@](C(=O)OC)(c3cc4c(cc3OC)N(C)[C@H]3[C@@](O)(C(=O)OC)[C@H](OC(C)=O)[C@]5(CC)C=CCN6CC[C@]43[C@@H]65)C2)C1,JUN;TUBA1A;TUBB;TUBB2A;TUBD1;TUBE1;TUBG1,screened_candidate,True,True,False,True,True,keep_existing_lincs
1005,Cisplatin,N->[Pt](<-N)(Cl)Cl,A2M;ATOX1;MPG;TF,indication_expansion,True,True,False,True,False,keep_existing_lincs
1006,Cytarabine,Nc1ccn([C@@H]2O[C@H](CO)[C@@H](O)[C@@H]2O)c(=O)n1,ANTIMETABOLITE;POLB,indication_expansion,True,True,False,True,True,keep_existing_lincs
1007,Docetaxel,CC(=O)O[C@@]12CO[C@@H]1C[C@H](O)[C@@]1(C)C(=O)[C@H](O)C3=C(C)[C@@H](OC(=O)[C@H](O)[C@@H](NC(=O)OC(C)(C)C)c4ccccc4)C[C@@](O)([C@@H](OC(=O)c4ccccc4)[C@H]21)C3(C)C.O.O.O,BCL2;NR1I2;TUBB1,indication_expansion,True,False,True,True,False,keep_existing_lincs
1008,Methotrexate,CN(Cc1cnc2nc(N)nc(N)c2n1)c1ccc(C(=O)N[C@@H](CCC(=O)O)C(=O)O)cc1,ANTIMETABOLITE;ATIC;DHFR;SLC19A1;SLC46A1;TYMS,indication_expansion,True,True,False,True,True,keep_existing_lincs
1009,Tretinoin,CC1=C(/C=C/C(C)=C/C=C/C(C)=C/C(=O)O)C(C)(C)CCC1,ALDH1A1;ALDH1A2;CRABP1;GPRC5A;LCN1;OBP2A;PDK4;RARA;RARB;RARG;RARRES1;RBP4;RXRA;RXRB;RXRG,indication_expansion,True,True,False,True,True,keep_existing_lincs
1010,Gefitinib,COc1cc2ncnc(Nc3ccc(F)c(Cl)c3)c2cc1OCCCN1CCOCC1,EGFR,indication_expansion,True,True,False,True,True,keep_existing_lincs
1011,Navitoclax,CC1(C)CCC(c2ccc(Cl)cc2)=C(CN2CCN(c3ccc(C(=O)NS(=O)(=O)c4ccc(N[C@H](CCN5CCOCC5)CSc5ccccc5)c(S(=O)(=O)C(F)(F)F)c4)cc3)CC2)C1,BAD;BCL-W;BCL-XL;BCL2;BCL2L1;BCL2L2;CCND1,screened_candidate,True,True,False,True,True,keep_existing_lincs
1012,Vorinostat,O=C(CCCCCCC(=O)Nc1ccccc1)NO,HDAC1;HDAC2;HDAC3;HDAC6;HDAC8;IIA;IIB;IV,indication_expansion,True,True,False,True,True,keep_existing_lincs
1013,Nilotinib,Cc1cn(-c2cc(NC(=O)c3ccc(C)c(Nc4nccc(-c5cccnc5)n4)c3)cc(C(F)(F)F)c2)cn1,ABL;ABL1;CSF3R;DDR2;KIT;PDGFRA,screened_candidate,True,True,False,True,True,keep_existing_lincs
1014,Refametinib,COc1cc(F)c(F)c(Nc2ccc(I)cc2F)c1NS(=O)(=O)C1(C[C@H](O)CO)CC1,MAP2K1;MAP2K2,screened_candidate,False,False,False,False,False,needs_external_lincs_or_analog_imputation
1016,Temsirolimus,CO[C@H]1C[C@@H]2CC[C@@H](C)[C@@](O)(O2)C(=O)C(=O)N2CCCC[C@H]2C(=O)O[C@H]([C@H](C)C[C@@H]2CC[C@@H](OC(=O)C(C)(CO)CO)[C@H](OC)C2)CC(=O)[C@H](C)/C=C(\C)[C@@H](O)[C@@H](OC)C(=O)[C@H](C)C[C@H](C)/C=C/C=C/C=C/1C,MTOR,indication_expansion,True,True,False,True,False,keep_existing_lincs
1017,Olaparib,O=C(c1cc(Cc2n[nH]c(=O)c3ccccc23)ccc1F)N1CCN(C(=O)C2CC2)CC1,AKR1C3;PARP1;PARP2;PARP3,indication_expansion,True,True,False,True,True,keep_existing_lincs
1018,Veliparib,C[C@]1(c2nc3c(C(N)=O)cccc3[nH]2)CCCN1,PARP1;PARP2,indication_expansion,True,True,False,True,True,keep_existing_lincs
1019,Bosutinib,COc1cc(Nc2c(C#N)cnc3cc(OCCCN4CCN(C)CC4)c(OC)cc23)c(Cl)cc1Cl,ABL;ABL1;CAMK2G;FGR;HCK;LYN;MAP2K1;MAP2K2;MAP3K2;SLK;SRC;TEC,screened_candidate,True,True,False,True,True,keep_existing_lincs
1020,Lenalidomide,Nc1cccc2c1CN(C1CCC(=O)NC1=O)C2=O,CDH5;CRBN;PTGS2;TNF;TNFSF11,indication_expansion,True,True,False,True,True,keep_existing_lincs
1021,Axitinib,CNC(=O)c1ccccc1Sc1ccc2c(/C=C/c3ccccn3)n[nH]c2c1,ABL1;FLT1;FLT4;KDR;KIT;PDGFR,indication_expansion,True,True,False,True,True,keep_existing_lincs
1022,AZD7762,NC(=O)Nc1cc(-c2cccc(F)c2)sc1C(=O)N[C@H]1CCCNC1,CHEK1;CHEK2,screened_candidate,True,True,False,True,False,keep_existing_lincs
1023,GW441756,Cl.Cn1cc(C=C2C(=O)Nc3cccnc32)c2ccccc21,NTRK1,screened_candidate,True,True,False,True,False,keep_existing_lincs
1024,Lestaurtinib,C[C@]12O[C@H](C[C@]1(O)CO)n1c3ccccc3c3c4c(c5c6ccccc6n2c5c31)CNC4=O,FLT3;JAK2;NTRK1;NTRK2;NTRK3,screened_candidate,True,True,False,True,True,keep_existing_lincs
1025,SB216763,Cn1cc(C2=C(c3ccc(Cl)cc3Cl)C(=O)NC2=O)c2ccccc21,GSK3A;GSK3B,screened_candidate,True,True,False,True,True,keep_existing_lincs
1026,Tanespimycin,C=CCNC1=C2C[C@@H](C)C[C@H](OC)[C@H](O)[C@@H](C)/C=C(\C)[C@H](OC(N)=O)[C@@H](OC)/C=C\C=C(/C)C(=O)NC(=CC1=O)C2=O,HSP90;HSP90AA1;HSP90AB1,indication_expansion,True,True,False,True,True,keep_existing_lincs
1029,Motesanib,CC1(C)CNc2cc(NC(=O)c3cccnc3NCc3ccncc3)ccc21,FLT1;FLT4;KDR;KIT;PDGFR;RET,indication_expansion,True,True,False,True,True,keep_existing_lincs
1030,KU-55933,O=c1cc(-c2cccc3c2Sc2ccccc2S3)oc(N2CCOCC2)c1,ATM,screened_candidate,True,True,False,True,True,keep_existing_lincs
1031,Elesclomol,CN(NC(=O)CC(=O)NN(C)C(=S)c1ccccc1)C(=S)c1ccccc1,HSP90,screened_candidate,True,True,False,True,True,keep_existing_lincs
1032,Afatinib,CN(C)C/C=C/C(=O)Nc1cc2c(Nc3ccc(F)c(Cl)c3)ncnc2cc1O[C@H]1CCOC1,EGFR;ERBB2;ERBB4,indication_expansion,True,True,False,True,True,keep_existing_lincs
1033,Vismodegib,CS(=O)(=O)c1ccc(C(=O)Nc2ccc(Cl)c(-c3ccccn3)c2)c(Cl)c1,SMO,indication_expansion,False,False,False,False,False,needs_external_lincs_or_analog_imputation
1034,Staurosporine,CN[C@@H]1C[C@H]2O[C@@](C)([C@@H]1OC)n1c3ccccc3c3c4c(c5c6ccccc6n2c5c31)C(=O)NC4,CDK2;CHRM1;CSK;GSK3B;IKBKB;ITK;LCK;MAPKAPK2;PDPK1;PIK3CG;PIM1;PRKCA;PRKCQ;SYK;ZAP70,screened_candidate,True,True,False,True,True,keep_existing_lincs
1036,PLX-4720,CCCS(=O)(=O)Nc1ccc(F)c(C(=O)c2c[nH]c3ncc(Cl)cc23)c1F,BRAF;KDR,screened_candidate,True,True,False,True,True,keep_existing_lincs
1037,BX795,O=C(NCCCNc1nc(Nc2cccc(NC(=O)N3CCCC3)c2)ncc1I)c1cccs1,AURKB;AURKC;IKK;TBK1,screened_candidate,True,True,False,True,True,keep_existing_lincs
1038,NU7441,O=c1cc(N2CCOCC2)oc2c(-c3cccc4c3sc3ccccc34)cccc12,DNAPK,screened_candidate,True,True,False,True,True,keep_existing_lincs
1039,SL0101,CC(=O)OC1C(C)OC(Oc2c(-c3ccc(O)cc3)oc3cc(O)cc(O)c3c2=O)C(O)C1OC(C)=O,AURKB;PIM1;PIM3;RSK,screened_candidate,False,False,False,False,False,needs_external_lincs_or_analog_imputation
1042,Doramapimod,Cc1ccc(-n2nc(C(C)(C)C)cc2NC(=O)Nc2ccc(OCCN3CCOCC3)c3ccccc23)cc1,HCK;JNK2;MAPK14;P38,screened_candidate,True,True,False,True,True,keep_existing_lincs
1043,JNK Inhibitor VIII,CCOc1nc(NC(=O)Cc2cc(OC)ccc2OC)cc(N)c1C#N,JNK,screened_candidate,False,False,False,False,False,needs_external_lincs_or_analog_imputation
1046,Wee1 Inhibitor,O=C1NC(=O)c2c1c(-c1ccccc1Cl)cc1[nH]c3ccc(O)cc3c21,CHEK1;WEE1,screened_candidate,False,False,False,False,False,needs_external_lincs_or_analog_imputation
1047,Nutlin-3a (-),COc1ccc(C2=NC(c3ccc(Cl)cc3)C(c3ccc(Cl)cc3)N2C(=O)N2CCNC(=O)C2)c(OC(C)C)c1,MDM2,screened_candidate,True,False,True,False,True,keep_existing_lincs
1048,Mirin,N=C1NC(=O)/C(=C/c2ccc(O)cc2)S1,MRE11,screened_candidate,True,True,False,True,False,keep_existing_lincs
1049,PD173074,CCN(CC)CCCCNc1ncc2cc(-c3cc(OC)cc(OC)c3)c(NC(=O)NC(C)(C)C)nc2n1,FGFR1;FGFR2;FGFR3,screened_candidate,True,True,False,True,True,keep_existing_lincs
1050,ZM447439,COc1cc2c(Nc3ccc(NC(=O)c4ccccc4)cc3)ncnc2cc1OCCCN1CCOCC1,AURKA;AURKB,screened_candidate,True,True,False,True,True,keep_existing_lincs
1051,Alisertib,COc1cc(Nc2ncc3c(n2)-c2ccc(Cl)cc2C(c2c(F)cccc2OC)=NC3)ccc1C(=O)O,AURKA,screened_candidate,True,True,False,True,True,keep_existing_lincs
1052,RO-3306,O=C1NC(=NCc2cccs2)SC1=Cc1ccc2ncccc2c1,CDK1,screened_candidate,True,True,False,True,False,keep_existing_lincs
1053,MK-2206,NC1(c2ccc(-c3nc4ccn5c(=O)[nH]nc5c4cc3-c3ccccc3)cc2)CCC1,AKT1;AKT2;AKT3;UBE2T,screened_candidate,True,True,False,True,True,keep_existing_lincs
1054,Palbociclib,CC(=O)c1c(C)c2cnc(Nc3ccc(N4CCNCC4)cn3)nc2n(C2CCCC2)c1=O,CDK4;CDK6,indication_expansion,True,True,False,True,True,keep_existing_lincs
1057,Dactolisib,Cn1c(=O)n(-c2ccc(C(C)(C)C#N)cc2)c2c3cc(-c4cnc5ccccc5c4)ccc3ncc21,MTOR;PIK3CG,screened_candidate,True,False,True,False,True,keep_existing_lincs
1058,Pictilisib,CS(=O)(=O)N1CCN(Cc2cc3nc(-c4cccc5[nH]ncc45)nc(N4CCOCC4)c3s2)CC1,PIK3CG,screened_candidate,True,False,True,False,True,keep_existing_lincs
1059,AZD8055,COc1ccc(-c2ccc3c(N4CCOC[C@@H]4C)nc(N4CCOC[C@@H]4C)nc3n2)cc1CO,MTOR,screened_candidate,True,True,False,True,True,keep_existing_lincs
1060,PD0325901,O=C(NOC[C@H](O)CO)c1ccc(F)c(F)c1Nc1ccc(I)cc1F,MAP2K1;MAP2K2,screened_candidate,True,True,False,True,True,keep_existing_lincs
1061,SB590885,CN(C)CCOc1ccc(-c2nc(-c3ccncc3)c(-c3ccc4c(c3)CC/C4=N\O)[nH]2)cc1,BRAF,screened_candidate,True,True,False,True,False,keep_existing_lincs
1062,Selumetinib,Cn1cnc2c(F)c(Nc3ccc(Br)cc3Cl)c(C(=O)NOCCO)cc21,MAP2K1;MAP2K2,indication_expansion,True,False,True,True,True,keep_existing_lincs
1067,CCT007093,O=C1C(=Cc2cccs2)CCC1=Cc1cccs1,PPM1D,screened_candidate,False,False,False,False,False,needs_external_lincs_or_analog_imputation
1068,Obatoclax Mesylate,COC1=CC(c2cc3ccccc3[nH]2)=N/C1=C\c1[nH]c(C)cc1C.CS(=O)(=O)O,BCL-W;BCL-XL;BCL2;MCL1,screened_candidate,False,False,False,False,False,needs_external_lincs_or_analog_imputation
1069,EHT-1864,Cl.Cl.O=c1cc(CN2CCOCC2)occ1OCCCCCSc1ccnc2cc(C(F)(F)F)ccc12,RAC1;RAC2;RAC3,screened_candidate,False,False,False,False,False,needs_external_lincs_or_analog_imputation
1072,Avagacestat,NC(=O)[C@@H](CCC(F)(F)F)N(Cc1ccc(-c2ncon2)cc1F)S(=O)(=O)c1ccc(Cl)cc1,APH1A;APH1B;NCSTN;PSEN1;PSENEN,screened_candidate,False,False,False,False,False,needs_external_lincs_or_analog_imputation
1073,5-Fluorouracil,O=c1[nH]cc(F)c(=O)[nH]1,,screened_candidate,True,False,True,False,True,keep_existing_lincs
1079,Dasatinib,Cc1nc(Nc2ncc(C(=O)Nc3c(C)cccc3Cl)s2)cc(N2CCN(CCO)CC2)n1.O,ABL;ABL1;ABL2;BCR;BTK;CSK;EPHA2;EPHA5;EPHB4;EPHRINS;FGR;FRK;FYN;HSPA8;KIT;LCK;LYN;MAP3K20;MAPK14;NR4A3;PDGFR;PDGFRB;PPAT;SRC;STAT5B;YES1,indication_expansion,True,True,False,True,False,keep_existing_lincs
1080,Paclitaxel,CC(=O)O[C@H]1C(=O)[C@@]2(C)[C@H]([C@H](OC(=O)c3ccccc3)[C@]3(O)C[C@H](OC(=O)[C@H](O)[C@@H](NC(=O)c4ccccc4)c4ccccc4)C(C)=C1C3(C)C)[C@]1(OC(C)=O)CO[C@@H]1C[C@@H]2O,BCL2;NR1I2;TUBB1,indication_expansion,True,True,False,True,False,keep_existing_lincs
1083,Crizotinib,C[C@@H](Oc1cc(-c2cnn(C3CCNCC3)c2)cnc1N)c1c(Cl)ccc(F)c1Cl,ALK;MET;MST1R;ROS1,indication_expansion,True,True,False,True,True,keep_existing_lincs
1084,Rapamycin,CO[C@H]1C[C@@H]2CC[C@@H](C)[C@@](O)(O2)C(=O)C(=O)N2CCCC[C@H]2C(=O)O[C@H]([C@H](C)C[C@@H]2CC[C@@H](O)[C@H](OC)C2)CC(=O)[C@H](C)/C=C(\C)[C@@H](O)[C@@H](OC)C(=O)[C@H](C)C[C@H](C)/C=C/C=C/C=C/1C,MTOR,indication_expansion,True,False,True,False,True,keep_existing_lincs
1085,Sorafenib,CNC(=O)c1cc(Oc2ccc(NC(=O)Nc3ccc(Cl)c(C(F)(F)F)c3)cc2)ccn1,BRAF;EGFR;FGFR1;FLT1;FLT3;FLT4;KDR;KIT;PDGFR;PDGFRB;RAF;RAF1;RET,approved,True,True,False,True,True,keep_existing_lincs
1086,BI-2536,CC[C@@H]1C(=O)N(C)c2cnc(Nc3ccc(C(=O)NC4CCN(C)CC4)cc3OC)nc2N1C1CCCC1,PLK1;PLK2;PLK3,screened_candidate,True,True,False,True,True,keep_existing_lincs
1088,Irinotecan,CCc1c2c(nc3ccc(OC(=O)N4CCC(N5CCCCC5)CC4)cc13)-c1cc3c(c(=O)n1C2)COC(=O)[C@]3(O)CC,TOP1;TOP1MT,indication_expansion,True,True,False,True,True,keep_existing_lincs
1089,Oxaliplatin,O=C1O[Pt]2(<-N[C@@H]3CCCC[C@H]3N->2)OC1=O,,indication_expansion,False,False,False,False,False,needs_external_lincs_or_analog_imputation
1091,BMS-536924,Cc1cc(N2CCOCC2)cc2[nH]c(-c3c(NCC(O)c4cccc(Cl)c4)cc[nH]c3=O)nc12,IGF1R;IR,screened_candidate,True,True,False,True,False,keep_existing_lincs
1093,GSK1904529A,CCc1cc(Nc2nccc(-c3c(-c4ccc(OC)c(C(=O)Nc5c(F)cccc5F)c4)nc4ccccn34)n2)c(OC)cc1N1CCC(N2CCN(S(C)(=O)=O)CC2)CC1,IGF1R;IR,screened_candidate,True,True,False,True,True,keep_existing_lincs
1096,Tozasertib,Cc1cc(Nc2cc(N3CCN(C)CC3)nc(Sc3ccc(NC(=O)C4CC4)cc3)n2)n[nH]1,AURKA;AURKB;AURKC;LCK;OTHERS,screened_candidate,True,True,False,True,True,keep_existing_lincs
1129,PF-4708671,CCc1cncnc1N1CCN(Cc2nc3ccc(C(F)(F)F)cc3[nH]2)CC1,S6K1,screened_candidate,False,False,False,False,False,needs_external_lincs_or_analog_imputation
1131,PRIMA-1MET,COCC1(CO)C(=O)C2CCN1CC2,,screened_candidate,True,True,False,True,False,keep_existing_lincs
1133,Serdemetan,c1ccc2c(CCNc3ccc(Nc4ccncc4)cc3)c[nH]c2c1,MDM2,screened_candidate,True,True,False,True,False,keep_existing_lincs
1149,TW 37,CC(C)c1ccccc1Cc1cc(C(=O)Nc2ccc(S(=O)(=O)c3ccccc3C(C)(C)C)cc2)c(O)c(O)c1O,BCL-XL;BCL2;MCL1,screened_candidate,True,True,False,True,True,keep_existing_lincs
1168,Erlotinib,C#Cc1cccc(Nc2ncnc3cc(OCCOC)c(OCCOC)cc23)c1,EGFR;NR1I2,indication_expansion,True,True,False,True,True,keep_existing_lincs
1170,CCT-018159,CCc1cc(-c2[nH]nc(C)c2-c2ccc3c(c2)OCCO3)c(O)cc1O,HSP90;HSP90AA1;HSP90AB1,screened_candidate,True,True,False,True,False,keep_existing_lincs
1175,Rucaparib,CNCc1ccc(-c2[nH]c3cc(F)cc4c3c2CCNC4=O)cc1,PARP1;PARP2;PARP3,screened_candidate,True,True,False,True,True,keep_existing_lincs
1177,Niraparib,NC(=O)c1cccc2cn(-c3ccc([C@@H]4CCCNC4)cc3)nc12,PARP1;PARP2,screened_candidate,False,False,False,False,False,needs_external_lincs_or_analog_imputation
1179,MK-1775,C=CCn1c(=O)c2cnc(Nc3ccc(N4CCN(C)CC4)cc3)nc2n1-c1cccc(C(C)(C)O)n1,PLK1;WEE1,indication_expansion,True,True,False,True,True,keep_existing_lincs
1180,Dinaciclib,CCc1cnn2c(NCc3ccc[n+]([O-])c3)cc(N3CCCC[C@H]3CCO)nc12,CDK1;CDK2;CDK5;CDK9,screened_candidate,False,False,False,False,False,needs_external_lincs_or_analog_imputation
1190,Gemcitabine,Nc1ccn([C@@H]2O[C@H](CO)[C@@H](O)C2(F)F)c(=O)n1,CMPK1;RRM1;RRM2;TYMS,indication_expansion,True,True,False,True,True,keep_existing_lincs
1191,Bortezomib,CC(C)C[C@H](NC(=O)[C@H](Cc1ccccc1)NC(=O)c1cnccn1)B(O)O,PROTEASOME;PRSS1;PSMB1;PSMB5,indication_expansion,True,True,False,True,True,keep_existing_lincs
1192,GSK269962A,CCn1c(-c2nonc2N)nc2cnc(Oc3cccc(NC(=O)c4ccc(OCCN5CCOCC5)cc4)c3)cc21,ROCK1;ROCK2,screened_candidate,False,False,False,False,False,needs_external_lincs_or_analog_imputation
1194,SB505124,Cc1cccc(-c2[nH]c(C(C)(C)C)nc2-c2ccc3c(c2)OCO3)n1,ACVR1B;ACVR1C;TGFBR1,screened_candidate,False,False,False,False,False,needs_external_lincs_or_analog_imputation
1199,Tamoxifen,CC/C(=C(\c1ccccc1)c1ccc(OCCN(C)C)cc1)c1ccccc1,AR;EBP;ESR1;ESR2;ESRRG;KCNH2;MAPK8;NR1I2;PRKCA;SHBG,indication_expansion,True,True,False,True,True,keep_existing_lincs
1200,Fulvestrant,C[C@]12CC[C@@H]3c4ccc(O)cc4C[C@@H](CCCCCCCCC[S+]([O-])CCCC(F)(F)C(F)(F)F)[C@H]3[C@@H]1CC[C@@H]2O,ESR;ESR1,screened_candidate,True,False,True,True,False,keep_existing_lincs
1237,EPZ004777,CC(C)N(CCCNC(=O)Nc1ccc(C(C)(C)C)cc1)CC1OC(n2ccc3c(N)ncnc32)C(O)C1O,DOT1L,screened_candidate,False,False,False,False,False,needs_external_lincs_or_analog_imputation
1239,YK-4-279,COc1ccc(C(=O)CC2(O)C(=O)Nc3c(Cl)ccc(Cl)c32)cc1,,screened_candidate,True,True,False,True,True,keep_existing_lincs
1243,Piperlongumine,COc1cc(C=CC(=O)N2CCC=CC2=O)cc(OC)c1OC,,screened_candidate,True,True,False,True,False,keep_existing_lincs
1248,Daporinad,O=C(/C=C/c1cccnc1)NCCCCC1CCN(C(=O)c2ccccc2)CC1,NAMPT,screened_candidate,True,False,True,False,True,keep_existing_lincs
1249,BMS-345541,Cc1ccc2nc(NCCN)c3ncc(C)n3c2c1,IKK-1;IKK-2,screened_candidate,True,True,False,True,True,keep_existing_lincs
1250,AZ960,Cc1cc(Nc2nc(NC(C)c3ccc(F)cc3)c(C#N)cc2F)n[nH]1,JAK2;JAK3,screened_candidate,False,False,False,False,False,needs_external_lincs_or_analog_imputation
1259,Talazoparib,Cn1ncnc1[C@H]1c2n[nH]c(=O)c3cc(F)cc(c23)N[C@@H]1c1ccc(F)cc1,PARP1;PARP2,screened_candidate,False,False,False,False,False,needs_external_lincs_or_analog_imputation
1268,XAV939,O=c1[nH]c(-c2ccc(C(F)(F)F)cc2)nc2c1CSCC2,TNKS1;TNKS2,screened_candidate,True,True,False,True,False,keep_existing_lincs
1372,Trametinib,CC(=O)Nc1cccc(-n2c(=O)n(C3CC3)c(=O)c3c(Nc4ccc(I)cc4F)n(C)c(=O)c(C)c32)c1,MAP2K1;MAP2K2,approved,True,True,False,True,True,keep_existing_lincs
1373,Dabrafenib,CC(C)(C)c1nc(-c2cccc(NS(=O)(=O)c3c(F)cccc3F)c2F)c(-c2ccnc(N)n2)s1,BRAF;LIMK1;NEK11;RAF1;SIK1,approved,False,False,False,True,True,recover_by_lincs_smiles_bridge
1375,Temozolomide,Cn1nnc2c(C(N)=O)ncn2c1=O,,indication_expansion,True,True,False,True,True,keep_existing_lincs
1378,Bleomycin (50 uM),Cc1c(N)nc([C@H](CC(N)=O)NC[C@H](N)C(N)=O)nc1C(=O)N[C@H](C(=O)N[C@H](C)[C@@H](O)[C@H](C)C(=O)N[C@H](C(=O)NCCc1nc(-c2nc(C(=O)NCCC[S+](C)C)cs2)cs1)[C@@H](C)O)[C@@H](OC1OC(CO)C(O)C(O)C1OC1OC(CO)C(O)C(OC(N)=O)C1O)c1c[nH]cn1,,screened_candidate,False,False,False,False,False,needs_external_lincs_or_analog_imputation
1401,AZD5438,Cc1ncc(-c2ccnc(Nc3ccc(S(C)(=O)=O)cc3)n2)n1C(C)C,CDK2,screened_candidate,True,True,False,True,True,keep_existing_lincs
1441,AZD2014,CNC(=O)c1cccc(-c2ccc3c(N4CCOCC4C)nc(N4CCOCC4C)nc3n2)c1,MTOR,screened_candidate,False,False,False,False,False,needs_external_lincs_or_analog_imputation
1449,AZD1208,NC1CCCN(c2c(/C=C3/SC(=O)NC3=O)cccc2-c2ccccc2)C1,PIM1;PIM2;PIM3,screened_candidate,False,False,False,False,False,needs_external_lincs_or_analog_imputation
1463,AZD1332,CC(C)Oc1cc(Nc2nc(NC(C)c3ccc(F)cn3)ncc2Cl)[nH]n1,NTRK1;NTRK2;NTRK3,screened_candidate,False,False,False,False,False,needs_external_lincs_or_analog_imputation
1494,SN-38,CCc1c2c(nc3ccc(O)cc13)-c1cc3c(c(=O)n1C2)COC(=O)[C@]3(O)CC,TOP1,screened_candidate,True,True,False,True,False,keep_existing_lincs
1502,Bicalutamide,CC(O)(CS(=O)(=O)c1ccc(F)cc1)C(=O)Nc1ccc(C#N)c(C(F)(F)F)c1,AR,screened_candidate,True,True,False,True,True,keep_existing_lincs
1507,Ruxolitinib,N#CC[C@H](C1CCCC1)n1cc(-c2ncnc3[nH]ccc23)cn1,JAK1;JAK2;JAK3;PLAUR;TYK2,screened_candidate,True,True,False,True,True,keep_existing_lincs
1510,Linsitinib,C[C@]1(O)C[C@@H](c2nc(-c3ccc4ccc(-c5ccccc5)nc4c3)c3c(N)nccn32)C1,IGF1R;INSR,screened_candidate,True,True,False,True,False,keep_existing_lincs
1511,Epirubicin,COc1cccc2c1C(=O)c1c(O)c3c(c(O)c1C2=O)C[C@@](O)(C(=O)CO)C[C@@H]3O[C@H]1C[C@H](N)[C@@H](O)[C@H](C)O1,ANTHRACYCLINE;TOP2A;TOP2B,indication_expansion,True,True,False,True,True,keep_existing_lincs
1512,Cyclophosphamide,O.O=P1(N(CCCl)CCCl)NCCCO1,NR1I2,indication_expansion,True,True,False,True,False,keep_existing_lincs
1529,Pevonedistat,NS(=O)(=O)OC[C@@H]1C[C@@H](n2ccc3c(N[C@H]4CCc5ccccc54)ncnc32)C[C@@H]1O,NAE;NAE1;NEDD8;UBA3,screened_candidate,True,True,False,True,True,keep_existing_lincs
1549,Sapitinib,CNC(=O)CN1CCC(Oc2cc3c(Nc4cccc(Cl)c4F)ncnc3cc2OC)CC1,EGFR;ERBB2;ERBB3,screened_candidate,False,False,False,False,False,needs_external_lincs_or_analog_imputation
1553,Uprosertib,Cn1ncc(Cl)c1-c1cc(C(=O)N[C@H](CN)Cc2ccc(F)c(F)c2)oc1Cl,AKT1;AKT2;AKT3,screened_candidate,False,False,False,False,False,needs_external_lincs_or_analog_imputation
1557,LCL161,CN[C@@H](C)C(=O)N[C@H](C(=O)N1CCC[C@H]1c1nc(C(=O)c2ccc(F)cc2)cs1)C1CCCCC1,BIRC2;BIRC3;BIRC5;BIRC7;IAP1;IAP2;NAIP;XIAP,screened_candidate,False,False,False,False,False,needs_external_lincs_or_analog_imputation
1558,Lapatinib,CS(=O)(=O)CCNCc1ccc(-c2ccc3ncnc(Nc4ccc(OCc5cccc(F)c5)c(Cl)c4)c3c2)o1,EEF2K;EGFR;ERBB2,indication_expansion,True,True,False,True,True,keep_existing_lincs
1559,Luminespib,CCNC(=O)c1noc(-c2cc(C(C)C)c(O)cc2O)c1-c1ccc(CN2CCOCC2)cc1,HSP90,screened_candidate,True,False,True,False,True,keep_existing_lincs
1560,Alpelisib,Cc1nc(NC(=O)N2CCC[C@H]2C(N)=O)sc1-c1ccnc(C(C)(C)C(F)(F)F)c1,ESR1;PI3KALPHA;PIK3CA;PIK3R1,screened_candidate,False,False,False,False,False,needs_external_lincs_or_analog_imputation
1561,Taselisib,Cc1nc(-c2cn3c(n2)-c2ccc(-c4cnn(C(C)(C)C(N)=O)c4)cc2OCC3)n(C(C)C)n1,PIK3CA;PIK3CG,indication_expansion,False,False,False,False,False,needs_external_lincs_or_analog_imputation
1563,EPZ5676,CC(C)N(CC1OC(n2cnc3c(N)ncnc32)C(O)C1O)C1CC(CCc2nc3ccc(C(C)(C)C)cc3[nH]2)C1,DOT1L,screened_candidate,False,False,False,False,False,needs_external_lincs_or_analog_imputation
1564,SCH772984,O=C(Nc1ccc2[nH]nc(-c3ccncc3)c2c1)C1CCN(CC(=O)N2CCN(c3ccc(-c4ncccn4)cc3)CC2)C1,MAPK1;MAPK3,screened_candidate,False,False,False,False,False,needs_external_lincs_or_analog_imputation
1576,IWP-2,Cc1ccc2nc(NC(=O)CSc3nc4c(c(=O)n3-c3ccccc3)SCC4)sc2c1,PORCN,screened_candidate,False,False,False,True,True,recover_by_lincs_smiles_bridge
1578,Leflunomide,Cc1oncc1C(=O)Nc1ccc(C(F)(F)F)cc1,AHR;DHODH;PTK2B,screened_candidate,True,True,False,True,True,keep_existing_lincs
1580,GSK2801,CCCOc1ccn2c(C(C)=O)cc(-c3ccccc3S(C)(=O)=O)c2c1,,screened_candidate,False,False,False,False,False,needs_external_lincs_or_analog_imputation
1581,Bromosporine,CCOC(=O)Nc1cc(-c2ccc(C)c(NS(C)(=O)=O)c2)nn2c(C)nnc12,BRD2;BRD4;BRD9;CECR2,screened_candidate,False,False,False,False,False,needs_external_lincs_or_analog_imputation
1582,SGC-CBP30,COc1ccc(CCc2nc3cc(-c4c(C)noc4C)ccc3n2CC(C)N2CCOCC2)cc1Cl,CBP;EP300,screened_candidate,False,False,False,False,False,needs_external_lincs_or_analog_imputation
1583,GSK-LSD1,c1ccc(C2CC2NC2CCNCC2)cc1,KDM1,screened_candidate,False,False,False,False,False,needs_external_lincs_or_analog_imputation
1593,Entinostat,Nc1ccccc1NC(=O)c1ccc(CNC(=O)OCc2cccnc2)cc1,HDAC1;HDAC3,screened_candidate,True,True,False,True,True,keep_existing_lincs
1594,OSI-027,COc1cccc2cc(-c3nc([C@H]4CC[C@H](C(=O)O)CC4)n4ncnc(N)c34)[nH]c12,MTOR,screened_candidate,True,True,False,True,False,keep_existing_lincs
1598,LGK974,Cc1cc(-c2ncc(CC(=O)Nc3ccc(-c4cnccn4)cn3)cc2C)ccn1,PORCN,screened_candidate,False,False,False,False,False,needs_external_lincs_or_analog_imputation
1613,VE-822,CNCc1ccc(-c2cc(-c3nc(-c4ccc(S(=O)(=O)C(C)C)cc4)cnc3N)on2)cc1,ATR,screened_candidate,False,False,False,False,False,needs_external_lincs_or_analog_imputation
1614,WZ4003,CCC(=O)Nc1cccc(Oc2nc(Nc3ccc(N4CCN(C)CC4)cc3OC)ncc2Cl)c1,NUAK1;NUAK2,screened_candidate,False,False,False,False,False,needs_external_lincs_or_analog_imputation
1615,CZC24832,CC(C)(C)NS(=O)(=O)c1cncc(-c2cc(F)c3nc(N)nn3c2)c1,PI3KGAMMA,screened_candidate,False,False,False,False,False,needs_external_lincs_or_analog_imputation
1617,AZD5582,CNC(C)C(=O)NC(C(=O)N1CCCC1C(=O)NC1c2ccccc2CC1OCC#CC#CCOC1Cc2ccccc2C1NC(=O)C1CCCN1C(=O)C(NC(=O)C(C)NC)C1CCCCC1)C1CCCCC1,CIAP;XIAP,screened_candidate,False,False,False,False,False,needs_external_lincs_or_analog_imputation
1618,GSK2606414,Cn1cc(-c2ccc3c(c2)CCN3C(=O)Cc2cccc(C(F)(F)F)c2)c2c(N)ncnc21,PERK,screened_candidate,False,False,False,False,False,needs_external_lincs_or_analog_imputation
1620,PFI3,O=C(C=CN1CC2CC1CN2c1ccccn1)c1ccccc1O,SMARCA2;SMARCA4,screened_candidate,False,False,False,False,False,needs_external_lincs_or_analog_imputation
1621,PCI-34051,COc1ccc(Cn2ccc3ccc(C(=O)NO)cc32)cc1,HDAC1;HDAC6;HDAC8,screened_candidate,True,True,False,True,True,keep_existing_lincs
1622,Wnt-C59,Cc1cc(-c2ccc(CC(=O)Nc3ccc(-c4cccnc4)cc3)cc2)ccn1,PORCN,screened_candidate,False,False,False,False,False,needs_external_lincs_or_analog_imputation
1624,I-BET-762,CCNC(=O)CC1N=C(c2ccc(Cl)cc2)c2cc(OC)ccc2-n2c(C)nnc21,BRD2;BRD3;BRD4,screened_candidate,False,False,False,False,False,needs_external_lincs_or_analog_imputation
1625,RVX-208,COc1cc(OC)c2c(=O)[nH]c(-c3cc(C)c(OCCO)c(C)c3)nc2c1,BRD4,screened_candidate,False,False,False,False,False,needs_external_lincs_or_analog_imputation
1626,OTX015,Cc1sc2c(c1C)C(c1ccc(Cl)cc1)=NC(CC(=O)Nc1ccc(O)cc1)c1nnc(C)n1-2,BRD2;BRD3;BRD4,screened_candidate,False,False,False,False,False,needs_external_lincs_or_analog_imputation
1627,GSK343,CCCc1cc(C)[nH]c(=O)c1CNC(=O)c1cc(-c2ccnc(N3CCN(C)CC3)c2)cc2c1cnn2C(C)C,EZH2,screened_candidate,False,False,False,False,False,needs_external_lincs_or_analog_imputation
1629,ML323,Cc1cnc(-c2ccccc2C(C)C)nc1NCc1ccc(-n2ccnn2)cc1,UAF1;USP1,screened_candidate,False,False,False,False,False,needs_external_lincs_or_analog_imputation
1630,Entospletinib,c1cn2cc(-c3ccc4cn[nH]c4c3)nc(Nc3ccc(N4CCOCC4)cc3)c2n1,SYK,screened_candidate,False,False,False,False,False,needs_external_lincs_or_analog_imputation
1631,PRT062607,NC(=O)c1cnc(NC2CCCCC2N)nc1Nc1cccc(-n2nccn2)c1,SYK,screened_candidate,False,False,False,False,False,needs_external_lincs_or_analog_imputation
1632,Ribociclib,CN(C)C(=O)c1cc2cnc(Nc3ccc(N4CCNCC4)cn3)nc2n1C1CCCC1,CDK4;CDK6,screened_candidate,False,False,False,False,False,needs_external_lincs_or_analog_imputation
1634,AGI-6780,O=C(Nc1cccc(C(F)(F)F)c1)Nc1cc(S(=O)(=O)NC2CC2)ccc1-c1ccsc1,,screened_candidate,False,False,False,False,False,needs_external_lincs_or_analog_imputation
1706,AZD5153,COc1nnc2ccc(N3CCC(c4ccc(OCCN5CCN(C)C(=O)[C@H]5C)cc4)CC3)nn12,BRD4,screened_candidate,False,False,False,False,False,needs_external_lincs_or_analog_imputation
1720,AZD5991,Cc1c2c(nn1C)CSCc1cc(n(C)n1)CSc1cc(c3ccccc3c1)OCCCc1c(C(=O)O)n(C)c3c-2c(Cl)ccc13,MCL1,screened_candidate,False,False,False,False,False,needs_external_lincs_or_analog_imputation
1736,Selumetinib,Cn1cnc2c(F)c(Nc3ccc(Br)cc3Cl)c(C(=O)NOCCO)cc21,MAP2K1;MAP2K2,indication_expansion,True,True,False,True,True,keep_existing_lincs
1778,GSK2110183B,Cl.Cn1ncc(Cl)c1-c1cc(C(=O)NC(CN)Cc2cccc(F)c2)sc1Cl,AKT1;AKT2;AKT3,screened_candidate,False,False,False,False,False,needs_external_lincs_or_analog_imputation
1786,AZD4547,COc1cc(CCc2cc(NC(=O)c3ccc(N4CC(C)NC(C)C4)cc3)n[nH]2)cc(OC)c1,FGFR1;FGFR2;FGFR3,indication_expansion,False,False,False,False,False,needs_external_lincs_or_analog_imputation
1799,Ibrutinib,C=CC(=O)N1CCC[C@@H](n2nc(-c3ccc(Oc4ccccc4)cc3)c3c(N)ncnc32)C1,BTK,screened_candidate,True,True,False,True,False,keep_existing_lincs
1802,Zoledronate,O=P(O)(O)C(O)(Cn1ccnc1)P(=O)(O)O,,screened_candidate,False,False,False,False,False,needs_external_lincs_or_analog_imputation
1803,Acetalax,CC(=O)Oc1ccc(C2(c3ccc(OC(C)=O)cc3)C(=O)Nc3ccccc32)cc1,,screened_candidate,False,False,False,False,False,needs_external_lincs_or_analog_imputation
1804,Acetalax,CC(=O)Oc1ccc(C2(c3ccc(OC(C)=O)cc3)C(=O)Nc3ccccc32)cc1,,screened_candidate,False,False,False,False,False,needs_external_lincs_or_analog_imputation
1806,Oxaliplatin,O=C1O[Pt]2(<-N[C@@H]3CCCC[C@H]3N->2)OC1=O,,indication_expansion,False,False,False,False,False,needs_external_lincs_or_analog_imputation
1808,Topotecan,CC[C@@]1(O)C(=O)OCc2c1cc1n(c2=O)Cc2cc3c(CN(C)C)c(O)ccc3nc2-1,TOP1;TOP1MT,screened_candidate,True,True,False,True,True,keep_existing_lincs
1809,Teniposide,COc1cc([C@@H]2c3cc4c(cc3[C@@H](O[C@@H]3O[C@@H]5CO[C@@H](c6cccs6)O[C@H]5[C@H](O)[C@H]3O)[C@H]3COC(=O)[C@H]23)OCO4)cc(OC)c1O,TOP2A;TOP2B,screened_candidate,True,True,False,True,False,keep_existing_lincs
1810,Mitoxantrone,O=C1c2c(O)ccc(O)c2C(=O)c2c(NCCNCCO)ccc(NCCNCCO)c21,TOP2;TOP2A;TOP2B,indication_expansion,True,True,False,True,True,keep_existing_lincs
1811,Dactinomycin,Cc1c2oc3c(C)ccc(C(=O)N[C@@H]4C(=O)N[C@H](C(C)C)C(=O)N5CCC[C@H]5C(=O)N(C)CC(=O)N(C)[C@@H](C(C)C)C(=O)O[C@@H]4C)c3nc-2c(C(=O)N[C@@H]2C(=O)N[C@H](C(C)C)C(=O)N3CCC[C@H]3C(=O)N(C)CC(=O)N(C)[C@@H](C(C)C)C(=O)O[C@@H]2C)c(N)c1=O,TOP1;TOP2A,screened_candidate,True,False,True,True,True,keep_existing_lincs
1812,Bleomycin,Cc1c(N)nc([C@H](CC(N)=O)NC[C@H](N)C(N)=O)nc1C(=O)N[C@H](C(=O)N[C@H](C)[C@@H](O)[C@H](C)C(=O)N[C@H](C(=O)NCCc1nc(-c2nc(C(=O)NCCC[S+](C)C)cs2)cs1)[C@@H](C)O)[C@@H](OC1OC(CO)C(O)C(O)C1OC1OC(CO)C(O)C(OC(N)=O)C1O)c1c[nH]cn1,LIG1;LIG3,indication_expansion,False,False,False,False,False,needs_external_lincs_or_analog_imputation
1813,Fludarabine,Nc1nc(F)nc2c1ncn2[C@@H]1O[C@H](CO)[C@@H](O)[C@@H]1O,ADA;ANTIMETABOLITE;DCK;POLA1;RRM1,indication_expansion,True,True,False,True,True,keep_existing_lincs
1814,Nelarabine,COc1nc(N)nc2c1ncn2[C@@H]1O[C@H](CO)[C@@H](O)[C@@H]1O,LIG1;POLA1;PRIM1;RRM1,screened_candidate,False,False,False,False,False,needs_external_lincs_or_analog_imputation
1815,Dacarbazine,CN(C)/N=N/c1[nH]cnc1C(N)=O,CP11A;PGD;POLA2,indication_expansion,True,True,False,True,True,keep_existing_lincs
1816,Fulvestrant,C[C@]12CC[C@@H]3c4ccc(O)cc4C[C@@H](CCCCCCCCC[S+]([O-])CCCC(F)(F)C(F)(F)F)[C@H]3[C@@H]1CC[C@@H]2O,ESR;ESR1,screened_candidate,True,True,False,True,False,keep_existing_lincs
1817,Romidepsin,C/C=C1\NC(=O)[C@H]2CSSCC/C=C/[C@H](CC(=O)N[C@H](C(C)C)C(=O)N2)OC(=O)[C@H](C(C)C)NC1=O,HDAC1;HDAC2;HDAC3;HDAC4;HDAC6;HDAC8,indication_expansion,False,False,False,False,False,needs_external_lincs_or_analog_imputation
1819,Docetaxel,CC(=O)O[C@@]12CO[C@@H]1C[C@H](O)[C@@]1(C)C(=O)[C@H](O)C3=C(C)[C@@H](OC(=O)[C@H](O)[C@@H](NC(=O)OC(C)(C)C)c4ccccc4)C[C@@](O)([C@@H](OC(=O)c4ccccc4)[C@H]21)C3(C)C.O.O.O,BCL2;NR1I2;TUBB1,indication_expansion,True,True,False,True,False,keep_existing_lincs
1825,Podophyllotoxin bromide,COc1cc(C2c3cc4c(cc3C(Br)C3COC(=O)C23)OCO4)cc(OC)c1OC,,screened_candidate,False,False,False,False,False,needs_external_lincs_or_analog_imputation
1827,Dihydrorotenone,COc1cc2c(cc1OC)[C@@H]1C(=O)c3ccc4c(c3O[C@@H]1CO2)CC(C(C)C)O4,,screened_candidate,False,False,False,False,False,needs_external_lincs_or_analog_imputation
1830,Gallibiscoquinazole,COC(=O)NC1(NC(=O)OC)NC(=O)c2cc(OC)c(OC)c(OC)c2N1,,screened_candidate,False,False,False,False,False,needs_external_lincs_or_analog_imputation
1831,L-Oxonoreleagnine,O=C1NCCc2c1[nH]c1ccccc21,,screened_candidate,False,False,False,False,False,needs_external_lincs_or_analog_imputation
1835,Elephantin,C=C1C(=O)O[C@H]2[C@H]1[C@@H](OC(=O)C=C(C)C)CC1=C[C@@H](C[C@@]3(C)O[C@H]23)OC1=O,,screened_candidate,False,False,False,False,False,needs_external_lincs_or_analog_imputation
1838,Sinularin,C=C1C(=O)OC2CC1CCC1(C)OC1CCC(C)=CCCC2(C)O,,screened_candidate,False,False,False,False,False,needs_external_lincs_or_analog_imputation
1843,LMP744,COc1cc2c3c(n(CCCNCCO)c(=O)c2cc1OC)-c1cc2c(cc1C3=O)OCO2,TOP1,screened_candidate,False,False,False,False,False,needs_external_lincs_or_analog_imputation
1845,Schweinfurthin A,CC(C)=CCC/C(C)=C/Cc1c(O)cc(/C=C/c2cc(O)c3c(c2)C[C@@H]2C(C)(C)[C@H](O)[C@H](O)C[C@@]2(C)O3)cc1O,,screened_candidate,False,False,False,False,False,needs_external_lincs_or_analog_imputation
1847,BEN,N=C(N)c1ccccc1,,indication_expansion,False,False,False,False,False,needs_external_lincs_or_analog_imputation
1849,Sabutoclax,Cc1cc2c(C(=O)NCC(C)c3ccccc3)c(O)c(O)cc2c(O)c1-c1c(C)cc2c(C(=O)NCC(C)c3ccccc3)c(O)c(O)cc2c1O,BCL-XL;BCL2;BFL1;MCL1,screened_candidate,False,False,False,False,False,needs_external_lincs_or_analog_imputation
1852,LY2109761,c1ccc(-c2nn3c(c2-c2ccnc4cc(OCCN5CCOCC5)ccc24)CCC3)nc1,TGFB1,screened_candidate,False,False,False,False,False,needs_external_lincs_or_analog_imputation
1853,OF-1,COc1cc2c(cc1NS(=O)(=O)c1ccc(Br)cc1C)n(C)c(=O)n2C,BRPF1B;BRPF2,screened_candidate,False,False,False,False,False,needs_external_lincs_or_analog_imputation
1854,MN-64,CC(C)c1ccc(-c2cc(=O)c3ccccc3o2)cc1,TNKS1;TNKS2,screened_candidate,False,False,False,False,False,needs_external_lincs_or_analog_imputation
1862,MG-132,CC(C)C[C@@H](C=O)NC(=O)[C@H](CC(C)C)NC(=O)[C@H](CC(C)C)NC(=O)OCc1ccccc1,CAPN1;PROTEASOME,screened_candidate,True,True,False,True,True,keep_existing_lincs
1873,Buparlisib,Nc1cc(C(F)(F)F)c(-c2cc(N3CCOCC3)nc(N3CCOCC3)n2)cn1,PI3KALPHA;PI3KBETA;PI3KDELTA;PI3KGAMMA;PIK3CA;PIK3CB;PIK3CD;PIK3CG,indication_expansion,True,True,False,True,True,keep_existing_lincs
1908,Ulixertinib,CC(C)Nc1cc(-c2c[nH]c(C(=O)N[C@H](CO)c3cccc(Cl)c3)c2)c(Cl)cn1,EPHB2;MAPK1;MAPK3,indication_expansion,False,False,False,False,False,needs_external_lincs_or_analog_imputation
1909,Venetoclax,CC1(C)CCC(CN2CCN(c3ccc(C(=O)NS(=O)(=O)c4ccc(NCC5CCOCC5)c([N+](=O)[O-])c4)c(Oc4cnc5[nH]ccc5c4)c3)CC2)=C(c2ccc(Cl)cc2)C1,BCL2,screened_candidate,False,False,False,False,False,needs_external_lincs_or_analog_imputation
1910,ABT737,CN(C)CC[C@H](CSc1ccccc1)Nc1ccc(S(=O)(=O)NC(=O)c2ccc(N3CCN(Cc4ccccc4-c4ccc(Cl)cc4)CC3)cc2)cc1[N+](=O)[O-],BCL-B;BCL-W;BCL-XL;BCL2;BFL1,screened_candidate,True,True,False,True,True,keep_existing_lincs
1911,Dactinomycin,Cc1c2oc3c(C)ccc(C(=O)N[C@@H]4C(=O)N[C@H](C(C)C)C(=O)N5CCC[C@H]5C(=O)N(C)CC(=O)N(C)[C@@H](C(C)C)C(=O)O[C@@H]4C)c3nc-2c(C(=O)N[C@@H]2C(=O)N[C@H](C(C)C)C(=O)N3CCC[C@H]3C(=O)N(C)CC(=O)N(C)[C@@H](C(C)C)C(=O)O[C@@H]2C)c(N)c1=O,TOP1;TOP2A,screened_candidate,True,True,False,True,True,keep_existing_lincs
1912,Afuresertib,Cn1ncc(Cl)c1-c1cc(C(=O)N[C@H](CN)Cc2cccc(F)c2)sc1Cl,AKT1;AKT2;AKT3,screened_candidate,False,False,False,False,False,needs_external_lincs_or_analog_imputation
1913,AGI-5198,Cc1ccccc1C(C(=O)NC1CCCCC1)N(C(=O)Cn1ccnc1C)c1cccc(F)c1,,screened_candidate,False,False,False,False,False,needs_external_lincs_or_analog_imputation
1915,AZD3759,COc1cc2ncnc(Nc3cccc(Cl)c3F)c2cc1OC(=O)N1CCN(C)C[C@H]1C,EGFR,screened_candidate,False,False,False,False,False,needs_external_lincs_or_analog_imputation
1916,AZD5363,CCN(C(=O)Cc1ccc(S(C)(=O)=O)cc1)C1CCN(CC[C@@H](c2cc(F)cc(F)c2)C2CCC(S(C)(=O)=O)CC2)CC1,AKT1;AKT2;AKT3;ROCK2,indication_expansion,False,False,False,False,False,needs_external_lincs_or_analog_imputation
1917,AZD6738,CC1COCCN1c1cc(C2(S(C)(=N)=O)CC2)nc(-c2cncc3[nH]ccc23)n1,ATR,screened_candidate,False,False,False,False,False,needs_external_lincs_or_analog_imputation
1918,AZD8186,C[C@@H](Nc1cc(F)cc(F)c1)c1cc(C(=O)N(C)C)cc2c(=O)cc(N3CCOCC3)oc12,PI3KALPHA;PI3KBETA;PIK3CB;PIK3CG,screened_candidate,False,False,False,False,False,needs_external_lincs_or_analog_imputation
1919,Osimertinib,C=CC(=O)Nc1cc(Nc2nccc(-c3cn(C)c4ccccc34)n2)c(OC)cc1N(C)CCN(C)C,EGFR,indication_expansion,False,False,False,False,False,needs_external_lincs_or_analog_imputation
1922,Cediranib,COc1cc2c(Oc3ccc4[nH]c(C)cc4c3F)ncnc2cc1OCCCN1CCCC1,FLT1;FLT2;FLT3;FLT4;KDR;KIT;PDGFRB,indication_expansion,True,True,False,True,True,keep_existing_lincs
1924,Ipatasertib,CC(C)NC[C@@H](C(=O)N1CCN(c2ncnc3c2[C@H](C)C[C@H]3O)CC1)c1ccc(Cl)cc1,AKT;AKT1;AKT3,indication_expansion,False,False,False,False,False,needs_external_lincs_or_analog_imputation
1925,GDC0810,CCC(=C(c1ccc(C=CC(=O)O)cc1)c1ccc2[nH]ncc2c1)c1ccc(F)cc1Cl,ESR1;ESR2,screened_candidate,False,False,False,False,False,needs_external_lincs_or_analog_imputation
1926,GNE-317,COC1(c2sc3c(N4CCOCC4)nc(-c4cnc(N)nc4)nc3c2C)COC1,PI3KALPHA,screened_candidate,False,False,False,False,False,needs_external_lincs_or_analog_imputation
1927,GSK2578215A,O=C(Nc1cccnc1)c1cc(-c2ccnc(F)c2)ccc1OCc1ccccc1,LRRK2,screened_candidate,False,False,False,False,False,needs_external_lincs_or_analog_imputation
1928,I-BRD9,CCn1cc(-c2cccc(C(F)(F)F)c2)c2sc(C(N)=NC3CCS(=O)(=O)CC3)cc2c1=O,BRD9,screened_candidate,False,False,False,False,False,needs_external_lincs_or_analog_imputation
1930,Telomerase Inhibitor IX,O=C(Nc1cccc(NC(=O)c2cccc(O)c2O)c1)c1cccc(O)c1O,TELOMERASE,screened_candidate,True,False,True,False,True,keep_existing_lincs
1931,MIRA-1,CCC(=O)OCN1C(=O)C=CC1=O,TP53,screened_candidate,False,False,False,False,False,needs_external_lincs_or_analog_imputation
1932,NVP-ADW742,Nc1ncnc2c1c(-c1cccc(OCc3ccccc3)c1)cn2C1CC(CN2CCCC2)C1,IGF1R,screened_candidate,False,False,False,False,False,needs_external_lincs_or_analog_imputation
1933,P22077,CC(=O)c1cc([N+](=O)[O-])c(Sc2ccc(F)cc2F)s1,USP47;USP7,screened_candidate,False,False,False,False,False,needs_external_lincs_or_analog_imputation
1936,Savolitinib,C[C@@H](c1ccc2nccn2c1)n1nnc2ncc(-c3cnn(C)c3)nc21,MET,screened_candidate,False,False,False,False,False,needs_external_lincs_or_analog_imputation
1939,UMI-77,O=C(O)CSc1cc(NS(=O)(=O)c2ccc(Br)cc2)c2ccccc2c1O,MCL1,screened_candidate,False,False,False,False,False,needs_external_lincs_or_analog_imputation
1940,WIKI4,COc1ccc(-n2c(SCCCN3C(=O)c4cccc5cccc(c45)C3=O)nnc2-c2ccncc2)cc1,TNKS1;TNKS2,screened_candidate,False,False,False,False,False,needs_external_lincs_or_analog_imputation
1941,Sepantronium bromide,COCC[n+]1c2c(n(Cc3cnccn3)c1C)C(=O)c1ccccc1C2=O.[Br-],BIRC5,screened_candidate,False,False,False,False,False,needs_external_lincs_or_analog_imputation
1996,MIM1,Cc1csc(=NC2CCCCC2)n1N=Cc1ccc(O)c(O)c1O,MCL1,screened_candidate,False,False,False,False,False,needs_external_lincs_or_analog_imputation
1997,WEHI-539,NCc1ccc(OCCCc2sc(-c3ccc4c(c3)C(=NNc3nc5ccccc5s3)CCC4)nc2C(=O)O)cc1,BCL-XL,screened_candidate,False,False,False,False,False,needs_external_lincs_or_analog_imputation
2010,HKMTI-1-005,COc1cc2nc(N3CCN(C)CC3)nc(NC3CCN(Cc4ccccc4)CC3)c2cc1OC,,screened_candidate,False,False,False,False,False,needs_external_lincs_or_analog_imputation
2011,ICL-SIRT078,COc1ccc2ccccc2c1Cn1cnc2sc3c(c2c1=O)CCC(NCc1cccnc1)C3,SIR2,screened_candidate,False,False,False,False,False,needs_external_lincs_or_analog_imputation
2037,GSK343,CCCc1cc(C)[nH]c(=O)c1CNC(=O)c1cc(-c2ccnc(N3CCN(C)CC3)c2)cc2c1cnn2C(C)C,EZH2,screened_candidate,False,False,False,False,False,needs_external_lincs_or_analog_imputation
2038,UNC0638,COc1cc2c(NC3CCN(C(C)C)CC3)nc(C3CCCCC3)nc2cc1OCCCN1CCCC1,G9A;GLP,screened_candidate,False,False,False,False,False,needs_external_lincs_or_analog_imputation
2039,AGK2,N#CC(=Cc1ccc(-c2cc(Cl)ccc2Cl)o1)C(=O)Nc1cccc2ncccc12,BAZ2A;BAZ2B,screened_candidate,True,True,False,True,False,keep_existing_lincs
2040,Foretinib,COc1cc2c(Oc3ccc(NC(=O)C4(C(=O)Nc5ccc(F)cc5)CC4)cc3F)ccnc2cc1OCCCN1CCOCC1,EGFR;FGFR1;FLT4;HGF;KDR;MET;PDGFR;RON;TIE2,screened_candidate,True,True,False,True,True,keep_existing_lincs
2043,BIBR-1532,CC(=CC(=O)Nc1ccccc1C(=O)O)c1ccc2ccccc2c1,TERT,screened_candidate,True,True,False,True,False,keep_existing_lincs
2044,Pyridostatin,NCCOc1cc(C(=O)Nc2cc(OCCN)c3ccccc3n2)nc(C(=O)Nc2cc(OCCN)c3ccccc3n2)c1,,screened_candidate,False,False,False,False,False,needs_external_lincs_or_analog_imputation
2045,AMG-319,C[C@H](Nc1ncnc2[nH]cnc12)c1cc2ccc(F)cc2nc1-c1ccccn1,PIK3CD,screened_candidate,False,False,False,False,False,needs_external_lincs_or_analog_imputation
2046,MK-8776,Cn1cc(-c2cnn3c(N)c(Br)c([C@@H]4CCCNC4)nc23)cn1,CDK2;CHEK1;CHEK2,screened_candidate,False,False,False,False,False,needs_external_lincs_or_analog_imputation
2047,Ulixertinib,CC(C)Nc1cc(-c2c[nH]c(C(=O)N[C@H](CO)c3cccc(Cl)c3)c2)c(Cl)cn1,EPHB2;MAPK1;MAPK3,indication_expansion,False,False,False,False,False,needs_external_lincs_or_analog_imputation
2048,Vinorelbine,CCC1=C[C@@H]2CN(C1)Cc1c([nH]c3ccccc13)[C@@](C(=O)OC)(c1cc3c(cc1OC)N(C)[C@H]1[C@@](O)(C(=O)OC)[C@H](OC(C)=O)[C@]4(CC)C=CCN5CC[C@]31[C@@H]54)C2,BCL2;MAP4;MAPK1;TUBB,indication_expansion,True,True,False,True,False,keep_existing_lincs
2055,Mycophenolic acid,COc1c(C)c2c(c(O)c1C/C=C(\C)CCC(=O)O)C(=O)OC2,IMPDH1;IMPDH2,screened_candidate,True,True,False,True,True,keep_existing_lincs
2057,Remodelin,N#Cc1ccc(-c2csc(NN=C3CCCC3)n2)cc1,,screened_candidate,False,False,False,False,False,needs_external_lincs_or_analog_imputation
2096,VX-11e,Cc1cnc(Nc2ccc(F)cc2Cl)nc1-c1c[nH]c(C(=O)NC(CO)c2cccc(Cl)c2)c1,MAPK1,screened_candidate,False,False,False,False,False,needs_external_lincs_or_analog_imputation
2106,Uprosertib,Cn1ncc(Cl)c1-c1cc(C(=O)N[C@H](CN)Cc2ccc(F)c(F)c2)oc1Cl,AKT1;AKT2;AKT3,screened_candidate,False,False,False,False,False,needs_external_lincs_or_analog_imputation
2107,LJI308,Oc1c(F)cc(-c2cnccc2-c2ccc(N3CCOCC3)cc2)cc1F,RSK1;RSK2;RSK3,screened_candidate,False,False,False,False,False,needs_external_lincs_or_analog_imputation
2109,AZ6102,Cc1cc(N2CC(C)NC(C)C2)ncc1-c1ccc(-c2nc3c(ccn3C)c(=O)[nH]2)cc1,TNKS1;TNKS2,screened_candidate,False,False,False,False,False,needs_external_lincs_or_analog_imputation
2110,GSK591,O=C(NCC(O)CN1CCc2ccccc2C1)c1ccnc(NC2CCC2)c1,PMRT5,screened_candidate,False,False,False,False,False,needs_external_lincs_or_analog_imputation
2111,VE821,CS(=O)(=O)c1ccc(-c2cnc(N)c(C(=O)Nc3ccccc3)n2)cc1,ATR,screened_candidate,False,False,False,False,False,needs_external_lincs_or_analog_imputation
2148,POMHEX,CC(C)(C)C(=O)OCOP(=O)(OCOC(=O)C(C)(C)C)C1CCCN(O)C1=O,,screened_candidate,False,False,False,False,False,needs_external_lincs_or_analog_imputation
2154,GSK-LSD1-2HCl,Cl.Cl.c1ccc(C2CC2NC2CCNCC2)cc1,LSD1,screened_candidate,False,False,False,False,False,needs_external_lincs_or_analog_imputation
2156,5-azacytidine,Nc1ncn([C@@H]2O[C@H](CO)[C@@H](O)[C@H]2O)c(=O)n1,,screened_candidate,True,False,True,False,True,keep_existing_lincs
2157,A-366,COc1cc2c(cc1OCCCN1CCCC1)N=C(N)C21CCC1,EHMT1;EHMT2,screened_candidate,False,False,False,False,False,needs_external_lincs_or_analog_imputation
2158,CPI-637,CC1CC(=O)Nc2cccc(-c3ccc4c(c3)c(-c3cnn(C)c3)nn4C)c2N1,EP300,screened_candidate,False,False,False,False,False,needs_external_lincs_or_analog_imputation
2159,UNC0379,COc1cc2nc(N3CCCC3)nc(NCCCCCN3CCCC3)c2cc1OC,SETD8,screened_candidate,False,False,False,False,False,needs_external_lincs_or_analog_imputation
2169,AZD6482,Cc1cc([C@@H](C)Nc2ccccc2C(=O)O)c2nc(N3CCOCC3)cc(=O)n2c1,PI3KBETA;PIK3CB,screened_candidate,True,True,False,True,True,keep_existing_lincs
2170,AT13148,NC[C@@](O)(c1ccc(Cl)cc1)c1ccc(-c2cn[nH]c2)cc1,AKT1,screened_candidate,False,False,False,False,False,needs_external_lincs_or_analog_imputation
2171,BMS-754807,C[C@@]1(C(=O)Nc2ccc(F)nc2)CCCN1c1nc(Nc2cc(C3CC3)n[nH]2)c2cccn2n1,AKT1;IGF1R;INSR;IR,screened_candidate,True,True,False,True,True,keep_existing_lincs
2172,JQ1,Cc1sc2c(c1C)C(c1ccc(Cl)cc1)=N[C@@H](CC(=O)OC(C)(C)C)c1nnc(C)n1-2,BRD2;BRD3;BRD4;BRDT,screened_candidate,False,False,False,False,False,needs_external_lincs_or_analog_imputation
2173,PFI-1,COc1ccccc1S(=O)(=O)Nc1ccc2c(c1)CN(C)C(=O)N2,BRD4,screened_candidate,False,False,False,False,False,needs_external_lincs_or_analog_imputation
2174,IOX2,O=C(O)CNC(=O)c1c(O)c2ccccc2n(Cc2ccccc2)c1=O,EGLN1,screened_candidate,False,False,False,False,False,needs_external_lincs_or_analog_imputation
2175,CHIR-99021,Cc1cnc(-c2cnc(NCCNc3ccc(C#N)cn3)nc2-c2ccc(Cl)cc2Cl)[nH]1,GSK3A;GSK3B,screened_candidate,True,True,False,True,False,keep_existing_lincs
2177,SGC0946,CC(C)N(CCCNC(=O)Nc1ccc(C(C)(C)C)cc1)CC1OC(n2cc(Br)c3c(N)ncnc32)C(O)C1O,DOT1L,screened_candidate,False,False,False,False,False,needs_external_lincs_or_analog_imputation
2359,GSK2830371,Cc1ncc(Cl)cc1NCc1ccc(C(=O)NC(CC2CCCC2)C(=O)NC2CC2)s1,WIP1,screened_candidate,False,False,False,False,False,needs_external_lincs_or_analog_imputation
2360,THR-101,Cc1ccccc1-n1sc2cc(F)ccc2c1=O,,screened_candidate,True,False,True,False,True,keep_existing_lincs
2438,ascorbate (vitamin C),O=C1OC(C(O)CO)C(O)=C1[O-],,screened_candidate,False,False,False,False,False,needs_external_lincs_or_analog_imputation
2439,glutathione,N[C@@H](CCC(=O)N[C@@H](CS)C(=O)NCC(=O)O)C(=O)O,AKR1B1;CYP3A4;ESD;GGT1;GLO1;GLRX;GLRX2;GPX1;GPX2;GPX3;GPX4;GPX5;GPX6;GPX7;GSR;GSS;GSTA1;GSTA2;GSTA3;GSTA4;GSTA5;GSTK1;GSTM1;GSTM2;GSTM3;GSTM4;GSTM5;GSTO1;GSTO2;GSTP1;GSTT1;GSTZ1;HAGH;HPGDS;IMPDH1;LTC4S;MGST1;MGST2;MGST3;MMP9,indication_expansion,False,False,False,False,False,needs_external_lincs_or_analog_imputation
2498,alpha-lipoic acid,O=C(O)CCCC[C@@H]1CCSS1,,screened_candidate,False,False,False,False,False,needs_external_lincs_or_analog_imputation
2499,N-acetyl cysteine,CC(=O)N[C@@H](CS)C(=O)O,,screened_candidate,True,True,False,False,True,keep_existing_lincs
