rank,canonical_drug_id,drug_name,canonical_smiles,target_genes,PATHWAY_NAME_NORMALIZED,classification,mean_pred_ln_ic50,dl_ensemble_score,screened_rows
1,1817,Romidepsin,C/C=C1\NC(=O)[C@H]2CSSCC/C=C/[C@H](CC(=O)N[C@H](C(C)C)C(=O)N2)OC(=O)[C@H](C(C)C)NC1=O,HDAC1;HDAC2;HDAC3;HDAC4;HDAC6;HDAC8,Chromatin histone acetylation,indication_expansion,-5.61582,5.61582,12
2,1191,Bortezomib,CC(C)C[C@H](NC(=O)[C@H](Cc1ccccc1)NC(=O)c1cnccn1)B(O)O,PROTEASOME;PRSS1;PSMB1;PSMB5,Protein stability and degradation,indication_expansion,-5.335996,5.335996,16
3,1941,Sepantronium bromide,COCC[n+]1c2c(n(Cc3cnccn3)c1C)C(=O)c1ccccc1C2=O.[Br-],BIRC5,Apoptosis regulation,screened_candidate,-5.0774736,5.0774736,16
4,1811,Dactinomycin,Cc1c2oc3c(C)ccc(C(=O)N[C@@H]4C(=O)N[C@H](C(C)C)C(=O)N5CCC[C@H]5C(=O)N(C)CC(=O)N(C)[C@@H](C(C)C)C(=O)O[C@@H]4C)c3nc-2c(C(=O)N[C@@H]2C(=O)N[C@H](C(C)C)C(=O)N3CCC[C@H]3C(=O)N(C)CC(=O)N(C)[C@@H](C(C)C)C(=O)O[C@@H]2C)c(N)c1=O,TOP1;TOP2A,Other,screened_candidate,-4.03383,4.03383,12
5,1819,Docetaxel,CC(=O)O[C@@]12CO[C@@H]1C[C@H](O)[C@@]1(C)C(=O)[C@H](O)C3=C(C)[C@@H](OC(=O)[C@H](O)[C@@H](NC(=O)OC(C)(C)C)c4ccccc4)C[C@@](O)([C@@H](OC(=O)c4ccccc4)[C@H]21)C3(C)C.O.O.O,BCL2;NR1I2;TUBB1,Mitosis,indication_expansion,-3.783301,3.783301,12
6,2048,Vinorelbine,CCC1=C[C@@H]2CN(C1)Cc1c([nH]c3ccccc13)[C@@](C(=O)OC)(c1cc3c(cc1OC)N(C)[C@H]1[C@@](O)(C(=O)OC)[C@H](OC(C)=O)[C@]4(CC)C=CCN5CC[C@]31[C@@H]54)C2,BCL2;MAP4;MAPK1;TUBB,Mitosis,indication_expansion,-3.396775,3.396775,15
7,1494,SN-38,CCc1c2c(nc3ccc(O)cc13)-c1cc3c(c(=O)n1C2)COC(=O)[C@]3(O)CC,TOP1,DNA replication,screened_candidate,-3.1021028,3.1021028,16
8,1248,Daporinad,O=C(/C=C/c1cccnc1)NCCCCC1CCN(C(=O)c2ccccc2)CC1,NAMPT,Metabolism,screened_candidate,-3.090417,3.090417,9
9,1034,Staurosporine,CN[C@@H]1C[C@H]2O[C@@](C)([C@@H]1OC)n1c3ccccc3c3c4c(c5c6ccccc6n2c5c31)C(=O)NC4,CDK2;CHRM1;CSK;GSK3B;IKBKB;ITK;LCK;MAPKAPK2;PDPK1;PIK3CG;PIM1;PRKCA;PRKCQ;SYK;ZAP70,RTK signaling,screened_candidate,-3.0896723,3.0896723,16
10,1004,Vinblastine,CC[C@]1(O)C[C@@H]2CN(CCc3c([nH]c4ccccc34)[C@@](C(=O)OC)(c3cc4c(cc3OC)N(C)[C@H]3[C@@](O)(C(=O)OC)[C@H](OC(C)=O)[C@]5(CC)C=CCN6CC[C@]43[C@@H]65)C2)C1,JUN;TUBA1A;TUBB;TUBB2A;TUBD1;TUBE1;TUBG1,Mitosis,screened_candidate,-2.7853432,2.7853432,14
11,1080,Paclitaxel,CC(=O)O[C@H]1C(=O)[C@@]2(C)[C@H]([C@H](OC(=O)c3ccccc3)[C@]3(O)C[C@H](OC(=O)[C@H](O)[C@@H](NC(=O)c4ccccc4)c4ccccc4)C(C)=C1C3(C)C)[C@]1(OC(C)=O)CO[C@@H]1C[C@@H]2O,BCL2;NR1I2;TUBB1,Mitosis,indication_expansion,-2.3479915,2.3479915,16
12,1003,Camptothecin,CC[C@@]1(O)C(=O)OCc2c1cc1n(c2=O)Cc2cc3ccccc3nc2-1,TOP1,DNA replication,indication_expansion,-2.2512462,2.2512462,16
13,1180,Dinaciclib,CCc1cnn2c(NCc3ccc[n+]([O-])c3)cc(N3CCCC[C@H]3CCO)nc12,CDK1;CDK2;CDK5;CDK9,Cell cycle,screened_candidate,-2.1457691,2.1457691,14
14,1559,Luminespib,CCNC(=O)c1noc(-c2cc(C(C)C)c(O)cc2O)c1-c1ccc(CN2CCOCC2)cc1,HSP90,Protein stability and degradation,screened_candidate,-1.9525285,1.9525285,16
15,1862,MG-132,CC(C)C[C@@H](C=O)NC(=O)[C@H](CC(C)C)NC(=O)[C@H](CC(C)C)NC(=O)OCc1ccccc1,CAPN1;PROTEASOME,Protein stability and degradation,screened_candidate,-1.4841942,1.4841942,16
16,1372,Trametinib,CC(=O)Nc1cccc(-n2c(=O)n(C3CC3)c(=O)c3c(Nc4ccc(I)cc4F)n(C)c(=O)c(C)c32)c1,MAP2K1;MAP2K2,ERK MAPK signaling,approved,-0.735774,0.735774,16
17,1843,LMP744,COc1cc2c3c(n(CCCNCCO)c(=O)c2cc1OC)-c1cc2c(cc1C3=O)OCO2,TOP1,DNA replication,screened_candidate,-0.7094836,0.7094836,12
18,1084,Rapamycin,CO[C@H]1C[C@@H]2CC[C@@H](C)[C@@](O)(O2)C(=O)C(=O)N2CCCC[C@H]2C(=O)O[C@H]([C@H](C)C[C@@H]2CC[C@@H](O)[C@H](OC)C2)CC(=O)[C@H](C)/C=C(\C)[C@@H](O)[C@@H](OC)C(=O)[C@H](C)C[C@H](C)/C=C/C=C/C=C/1C,MTOR,PI3K/MTOR signaling,indication_expansion,-0.5207685,0.5207685,15
19,1057,Dactolisib,Cn1c(=O)n(-c2ccc(C(C)(C)C#N)cc2)c2c3cc(-c4cnc5ccccc5c4)ccc3ncc21,MTOR;PIK3CG,PI3K/MTOR signaling,screened_candidate,-0.5040799,0.5040799,16
20,1511,Epirubicin,COc1cccc2c1C(=O)c1c(O)c3c(c(O)c1C2=O)C[C@@](O)(C(=O)CO)C[C@@H]3O[C@H]1C[C@H](N)[C@@H](O)[C@H](C)O1,ANTHRACYCLINE;TOP2A;TOP2B,DNA replication,indication_expansion,-0.41686046,0.41686046,16
21,1808,Topotecan,CC[C@@]1(O)C(=O)OCc2c1cc1n(c2=O)Cc2cc3c(CN(C)C)c(O)ccc3nc2-1,TOP1;TOP1MT,DNA replication,screened_candidate,-0.22236018,0.22236018,12
22,1026,Tanespimycin,C=CCNC1=C2C[C@@H](C)C[C@H](OC)[C@H](O)[C@@H](C)/C=C(\C)[C@H](OC(N)=O)[C@@H](OC)/C=C\C=C(/C)C(=O)NC(=CC1=O)C2=O,HSP90;HSP90AA1;HSP90AB1,Protein stability and degradation,indication_expansion,-0.11440085,0.11440085,16
23,1825,Podophyllotoxin bromide,COc1cc(C2c3cc4c(cc3C(Br)C3COC(=O)C23)OCO4)cc(OC)c1OC,,Unclassified,screened_candidate,-0.053242743,0.053242743,12
24,1086,BI-2536,CC[C@@H]1C(=O)N(C)c2cnc(Nc3ccc(C(=O)NC4CCN(C)CC4)cc3OC)nc2N1C1CCCC1,PLK1;PLK2;PLK3,Cell cycle,screened_candidate,0.05116085,-0.05116085,16
25,1008,Methotrexate,CN(Cc1cnc2nc(N)nc(N)c2n1)c1ccc(C(=O)N[C@@H](CCC(=O)O)C(=O)O)cc1,ANTIMETABOLITE;ATIC;DHFR;SLC19A1;SLC46A1;TYMS,DNA replication,indication_expansion,0.08905875,-0.08905875,16
26,1024,Lestaurtinib,C[C@]12O[C@H](C[C@]1(O)CO)n1c3ccccc3c3c4c(c5c6ccccc6n2c5c31)CNC4=O,FLT3;JAK2;NTRK1;NTRK2;NTRK3,Other kinases,screened_candidate,0.09767507,-0.09767507,16
27,1190,Gemcitabine,Nc1ccn([C@@H]2O[C@H](CO)[C@@H](O)C2(F)F)c(=O)n1,CMPK1;RRM1;RRM2;TYMS,DNA replication,indication_expansion,0.14782882,-0.14782882,16
28,1849,Sabutoclax,Cc1cc2c(C(=O)NCC(C)c3ccccc3)c(O)c(O)cc2c(O)c1-c1c(C)cc2c(C(=O)NCC(C)c3ccccc3)c(O)c(O)cc2c1O,BCL-XL;BCL2;BFL1;MCL1,Apoptosis regulation,screened_candidate,0.3893147,-0.3893147,14
29,1809,Teniposide,COc1cc([C@@H]2c3cc4c(cc3[C@@H](O[C@@H]3O[C@@H]5CO[C@@H](c6cccs6)O[C@H]5[C@H](O)[C@H]3O)[C@H]3COC(=O)[C@H]23)OCO4)cc(OC)c1O,TOP2A;TOP2B,DNA replication,screened_candidate,0.4328378,-0.4328378,12
30,1060,PD0325901,O=C(NOC[C@H](O)CO)c1ccc(F)c(F)c1Nc1ccc(I)cc1F,MAP2K1;MAP2K2,ERK MAPK signaling,screened_candidate,0.5326658,-0.5326658,16
